day,city,area_id,ncontacts_1,ncontacts_2
2024-04-29,Hamburg,25.0,32,0
2024-04-29,Hamburg,29.0,10,0
2024-04-29,Hamburg,-1.0,660,0
2024-04-29,Düsseldorf,-1.0,204,0
2024-04-29,Köln,51.0,6,0
2024-04-29,Köln,-1.0,298,0
2024-04-29,München,-1.0,100,0
2024-04-29,Berlin,16.0,12,0
2024-04-29,Berlin,2.0,2,0
2024-04-29,Berlin,40.0,12,0
2024-04-29,Berlin,-1.0,1180,0
2024-04-29,Leipzig,3.0,2,0
2024-04-29,Leipzig,-1.0,602,0
2024-04-29,Dortmund,10.0,6,0
2024-04-29,Dortmund,-1.0,256,0
2024-04-29,Stuttgart,11.0,10,0
2024-04-29,Stuttgart,-1.0,136,0
2024-04-29,Gelsenkirchen,28.0,8,0
2024-04-29,Gelsenkirchen,-1.0,438,0
2024-04-29,Frankfurt am Main,64.0,4,0
2024-04-29,Frankfurt am Main,4.0,2,0
2024-04-29,Frankfurt am Main,-1.0,156,0
2024-04-30,Hamburg,25.0,2,0
2024-04-30,Hamburg,29.0,22,0
2024-04-30,Hamburg,-1.0,730,0
2024-04-30,Düsseldorf,-1.0,252,0
2024-04-30,Köln,51.0,14,0
2024-04-30,Köln,-1.0,406,0
2024-04-30,München,41.0,10,0
2024-04-30,München,-1.0,128,0
2024-04-30,München,1.0,10,0
2024-04-30,Berlin,16.0,14,0
2024-04-30,Berlin,2.0,2,0
2024-04-30,Berlin,40.0,8,0
2024-04-30,Berlin,-1.0,1348,0
2024-04-30,Leipzig,3.0,2,0
2024-04-30,Leipzig,-1.0,644,0
2024-04-30,Dortmund,10.0,40,0
2024-04-30,Dortmund,-1.0,338,0
2024-04-30,Stuttgart,11.0,120,0
2024-04-30,Stuttgart,-1.0,220,0
2024-04-30,Gelsenkirchen,28.0,10,0
2024-04-30,Gelsenkirchen,-1.0,420,0
2024-04-30,Frankfurt am Main,64.0,10,0
2024-04-30,Frankfurt am Main,4.0,4,0
2024-04-30,Frankfurt am Main,-1.0,230,0
2024-05-01,Hamburg,25.0,2,0
2024-05-01,Hamburg,29.0,18,0
2024-05-01,Hamburg,-1.0,360,0
2024-05-01,Düsseldorf,-1.0,120,0
2024-05-01,Köln,-1.0,164,0
2024-05-01,München,-1.0,66,0
2024-05-01,Berlin,16.0,4,0
2024-05-01,Berlin,40.0,2,0
2024-05-01,Berlin,-1.0,688,0
2024-05-01,Leipzig,3.0,120,0
2024-05-01,Leipzig,-1.0,288,0
2024-05-01,Dortmund,10.0,56,22
2024-05-01,Dortmund,-1.0,194,0
2024-05-01,Dortmund,39.0,6,0
2024-05-01,Stuttgart,11.0,26,0
2024-05-01,Stuttgart,-1.0,108,0
2024-05-01,Gelsenkirchen,28.0,4,0
2024-05-01,Gelsenkirchen,-1.0,200,0
2024-05-01,Frankfurt am Main,-1.0,74,0
2024-05-02,Hamburg,25.0,34,0
2024-05-02,Hamburg,29.0,22,0
2024-05-02,Hamburg,-1.0,680,0
2024-05-02,Düsseldorf,-1.0,252,0
2024-05-02,Köln,51.0,6,0
2024-05-02,Köln,-1.0,302,0
2024-05-02,München,41.0,6,0
2024-05-02,München,-1.0,152,0
2024-05-02,Berlin,16.0,2,0
2024-05-02,Berlin,2.0,2,0
2024-05-02,Berlin,40.0,10,0
2024-05-02,Berlin,-1.0,1186,0
2024-05-02,Leipzig,3.0,4,0
2024-05-02,Leipzig,-1.0,558,0
2024-05-02,Dortmund,10.0,2,0
2024-05-02,Dortmund,-1.0,282,0
2024-05-02,Stuttgart,11.0,36,0
2024-05-02,Stuttgart,-1.0,166,0
2024-05-02,Gelsenkirchen,28.0,8,0
2024-05-02,Gelsenkirchen,-1.0,350,0
2024-05-02,Frankfurt am Main,64.0,8,0
2024-05-02,Frankfurt am Main,4.0,2,0
2024-05-02,Frankfurt am Main,-1.0,128,0
2024-05-03,Hamburg,25.0,24,34
2024-05-03,Hamburg,29.0,24,0
2024-05-03,Hamburg,-1.0,680,0
2024-05-03,Düsseldorf,24.0,8,6
2024-05-03,Düsseldorf,-1.0,162,0
2024-05-03,Köln,51.0,10,0
2024-05-03,Köln,-1.0,374,0
2024-05-03,München,1.0,4,0
2024-05-03,München,-1.0,112,0
2024-05-03,Berlin,16.0,12,0
2024-05-03,Berlin,40.0,62,0
2024-05-03,Berlin,-1.0,1258,0
2024-05-03,Leipzig,3.0,8,0
2024-05-03,Leipzig,-1.0,650,0
2024-05-03,Dortmund,10.0,6,0
2024-05-03,Dortmund,-1.0,310,0
2024-05-03,Stuttgart,11.0,26,0
2024-05-03,Stuttgart,-1.0,150,0
2024-05-03,Gelsenkirchen,28.0,8,0
2024-05-03,Gelsenkirchen,-1.0,324,0
2024-05-03,Frankfurt am Main,64.0,4,0
2024-05-03,Frankfurt am Main,4.0,4,0
2024-05-03,Frankfurt am Main,-1.0,158,0
2024-05-04,Hamburg,25.0,6,0
2024-05-04,Hamburg,29.0,46,0
2024-05-04,Hamburg,-1.0,610,0
2024-05-04,Düsseldorf,-1.0,178,0
2024-05-04,Köln,51.0,6,0
2024-05-04,Köln,-1.0,568,0
2024-05-04,Köln,15.0,4,20
2024-05-04,München,45.0,10,0
2024-05-04,München,-1.0,106,0
2024-05-04,Berlin,16.0,6,0
2024-05-04,Berlin,2.0,40,0
2024-05-04,Berlin,40.0,6,0
2024-05-04,Berlin,-1.0,1354,0
2024-05-04,Leipzig,-1.0,692,0
2024-05-04,Dortmund,10.0,120,34
2024-05-04,Dortmund,-1.0,340,0
2024-05-04,Dortmund,39.0,8,0
2024-05-04,Stuttgart,11.0,262,32
2024-05-04,Stuttgart,-1.0,242,0
2024-05-04,Gelsenkirchen,28.0,10,0
2024-05-04,Gelsenkirchen,-1.0,280,0
2024-05-04,Frankfurt am Main,64.0,12,0
2024-05-04,Frankfurt am Main,-1.0,168,0
2024-05-05,Hamburg,29.0,8,0
2024-05-05,Hamburg,-1.0,392,0
2024-05-05,Düsseldorf,-1.0,146,0
2024-05-05,Köln,51.0,10,0
2024-05-05,Köln,-1.0,226,0
2024-05-05,München,41.0,8,0
2024-05-05,München,-1.0,66,0
2024-05-05,Berlin,16.0,20,12
2024-05-05,Berlin,2.0,16,0
2024-05-05,Berlin,40.0,24,0
2024-05-05,Berlin,-1.0,704,0
2024-05-05,Leipzig,3.0,4,0
2024-05-05,Leipzig,-1.0,352,0
2024-05-05,Dortmund,10.0,134,0
2024-05-05,Dortmund,-1.0,140,0
2024-05-05,Stuttgart,11.0,26,0
2024-05-05,Stuttgart,-1.0,96,0
2024-05-05,Gelsenkirchen,28.0,4,0
2024-05-05,Gelsenkirchen,-1.0,218,0
2024-05-05,Frankfurt am Main,64.0,2,0
2024-05-05,Frankfurt am Main,4.0,30,14
2024-05-05,Frankfurt am Main,-1.0,96,0
2024-05-06,Hamburg,29.0,14,0
2024-05-06,Hamburg,-1.0,640,0
2024-05-06,Düsseldorf,24.0,2,2
2024-05-06,Düsseldorf,-1.0,210,0
2024-05-06,Köln,51.0,2,0
2024-05-06,Köln,-1.0,324,0
2024-05-06,München,1.0,2,0
2024-05-06,München,45.0,6,0
2024-05-06,München,-1.0,100,0
2024-05-06,Berlin,16.0,10,0
2024-05-06,Berlin,-1.0,1104,0
2024-05-06,Leipzig,3.0,2,0
2024-05-06,Leipzig,-1.0,536,0
2024-05-06,Dortmund,10.0,92,0
2024-05-06,Dortmund,-1.0,258,0
2024-05-06,Dortmund,39.0,2,0
2024-05-06,Stuttgart,11.0,2,0
2024-05-06,Stuttgart,-1.0,144,0
2024-05-06,Gelsenkirchen,28.0,12,0
2024-05-06,Gelsenkirchen,-1.0,330,0
2024-05-06,Frankfurt am Main,64.0,4,0
2024-05-06,Frankfurt am Main,4.0,2,0
2024-05-06,Frankfurt am Main,-1.0,186,0
2024-05-07,Hamburg,25.0,2,0
2024-05-07,Hamburg,29.0,26,0
2024-05-07,Hamburg,-1.0,576,0
2024-05-07,Düsseldorf,24.0,2,0
2024-05-07,Düsseldorf,-1.0,242,0
2024-05-07,Köln,51.0,2,0
2024-05-07,Köln,-1.0,282,0
2024-05-07,München,1.0,2,0
2024-05-07,München,45.0,4,0
2024-05-07,München,-1.0,152,0
2024-05-07,Berlin,16.0,20,0
2024-05-07,Berlin,40.0,12,0
2024-05-07,Berlin,-1.0,1220,0
2024-05-07,Leipzig,3.0,2,0
2024-05-07,Leipzig,-1.0,522,0
2024-05-07,Dortmund,10.0,2,0
2024-05-07,Dortmund,-1.0,306,0
2024-05-07,Dortmund,39.0,2,0
2024-05-07,Stuttgart,11.0,10,0
2024-05-07,Stuttgart,-1.0,188,0
2024-05-07,Gelsenkirchen,28.0,4,0
2024-05-07,Gelsenkirchen,-1.0,312,0
2024-05-07,Frankfurt am Main,64.0,4,0
2024-05-07,Frankfurt am Main,4.0,6,0
2024-05-07,Frankfurt am Main,-1.0,172,0
2024-05-08,Hamburg,25.0,96,0
2024-05-08,Hamburg,29.0,32,0
2024-05-08,Hamburg,-1.0,878,0
2024-05-08,Düsseldorf,-1.0,244,0
2024-05-08,Köln,51.0,28,0
2024-05-08,Köln,-1.0,470,0
2024-05-08,München,1.0,2,0
2024-05-08,München,41.0,2,0
2024-05-08,München,45.0,16,0
2024-05-08,München,60.0,2,0
2024-05-08,München,-1.0,156,0
2024-05-08,Berlin,16.0,14,0
2024-05-08,Berlin,2.0,6,0
2024-05-08,Berlin,40.0,10,0
2024-05-08,Berlin,-1.0,1474,0
2024-05-08,Leipzig,3.0,308,0
2024-05-08,Leipzig,-1.0,604,0
2024-05-08,Dortmund,10.0,4,0
2024-05-08,Dortmund,-1.0,336,0
2024-05-08,Dortmund,39.0,6,0
2024-05-08,Stuttgart,11.0,40,0
2024-05-08,Stuttgart,-1.0,258,0
2024-05-08,Gelsenkirchen,28.0,8,0
2024-05-08,Gelsenkirchen,-1.0,318,0
2024-05-08,Frankfurt am Main,64.0,4,0
2024-05-08,Frankfurt am Main,4.0,4,0
2024-05-08,Frankfurt am Main,-1.0,204,0
2024-05-09,Hamburg,25.0,20,0
2024-05-09,Hamburg,29.0,122,0
2024-05-09,Hamburg,-1.0,422,0
2024-05-09,Düsseldorf,-1.0,104,0
2024-05-09,Köln,51.0,4,0
2024-05-09,Köln,-1.0,224,0
2024-05-09,Köln,15.0,12,24
2024-05-09,München,41.0,2,0
2024-05-09,München,45.0,4,0
2024-05-09,München,-1.0,82,0
2024-05-09,München,1.0,2,0
2024-05-09,Berlin,16.0,4,0
2024-05-09,Berlin,40.0,4,0
2024-05-09,Berlin,-1.0,602,0
2024-05-09,Leipzig,3.0,2,0
2024-05-09,Leipzig,-1.0,294,0
2024-05-09,Dortmund,-1.0,202,0
2024-05-09,Stuttgart,11.0,24,0
2024-05-09,Stuttgart,-1.0,154,0
2024-05-09,Gelsenkirchen,28.0,8,0
2024-05-09,Gelsenkirchen,-1.0,168,0
2024-05-09,Frankfurt am Main,64.0,2,0
2024-05-09,Frankfurt am Main,-1.0,126,0
2024-05-10,Hamburg,29.0,204,0
2024-05-10,Hamburg,-1.0,684,0
2024-05-10,Düsseldorf,-1.0,194,0
2024-05-10,Köln,51.0,4,0
2024-05-10,Köln,-1.0,342,0
2024-05-10,Köln,15.0,2,0
2024-05-10,München,41.0,4,0
2024-05-10,München,60.0,2,0
2024-05-10,München,45.0,2,0
2024-05-10,München,-1.0,138,0
2024-05-10,Berlin,16.0,4,0
2024-05-10,Berlin,40.0,10,0
2024-05-10,Berlin,-1.0,978,0
2024-05-10,Leipzig,3.0,6,0
2024-05-10,Leipzig,-1.0,600,0
2024-05-10,Dortmund,10.0,94,0
2024-05-10,Dortmund,-1.0,284,0
2024-05-10,Dortmund,39.0,2,0
2024-05-10,Stuttgart,11.0,96,0
2024-05-10,Stuttgart,-1.0,192,0
2024-05-10,Gelsenkirchen,28.0,4,0
2024-05-10,Gelsenkirchen,-1.0,296,0
2024-05-10,Frankfurt am Main,64.0,6,0
2024-05-10,Frankfurt am Main,4.0,2,0
2024-05-10,Frankfurt am Main,-1.0,170,0
2024-05-11,Hamburg,25.0,14,0
2024-05-11,Hamburg,29.0,236,0
2024-05-11,Hamburg,-1.0,762,0
2024-05-11,Düsseldorf,-1.0,270,0
2024-05-11,Köln,51.0,2,2
2024-05-11,Köln,-1.0,466,0
2024-05-11,Köln,15.0,4,22
2024-05-11,München,41.0,10,0
2024-05-11,München,45.0,2,0
2024-05-11,München,-1.0,140,0
2024-05-11,Berlin,16.0,10,0
2024-05-11,Berlin,2.0,28,22
2024-05-11,Berlin,40.0,10,0
2024-05-11,Berlin,-1.0,908,0
2024-05-11,Leipzig,3.0,96,30
2024-05-11,Leipzig,-1.0,494,0
2024-05-11,Dortmund,10.0,4,0
2024-05-11,Dortmund,-1.0,230,0
2024-05-11,Stuttgart,11.0,100,0
2024-05-11,Stuttgart,-1.0,182,0
2024-05-11,Gelsenkirchen,28.0,86,30
2024-05-11,Gelsenkirchen,-1.0,218,0
2024-05-11,Frankfurt am Main,64.0,6,0
2024-05-11,Frankfurt am Main,-1.0,146,0
2024-05-12,Hamburg,25.0,12,0
2024-05-12,Hamburg,29.0,62,18
2024-05-12,Hamburg,-1.0,736,0
2024-05-12,Düsseldorf,24.0,6,0
2024-05-12,Düsseldorf,-1.0,172,0
2024-05-12,Köln,51.0,2,0
2024-05-12,Köln,-1.0,288,0
2024-05-12,München,1.0,32,32
2024-05-12,München,41.0,6,0
2024-05-12,München,45.0,2,0
2024-05-12,München,60.0,0,0
2024-05-12,München,-1.0,106,0
2024-05-12,Berlin,16.0,4,0
2024-05-12,Berlin,2.0,2,0
2024-05-12,Berlin,40.0,8,0
2024-05-12,Berlin,-1.0,726,0
2024-05-12,Leipzig,3.0,4,0
2024-05-12,Leipzig,-1.0,374,0
2024-05-12,Dortmund,-1.0,168,0
2024-05-12,Stuttgart,11.0,24,0
2024-05-12,Stuttgart,-1.0,130,0
2024-05-12,Gelsenkirchen,28.0,8,0
2024-05-12,Gelsenkirchen,-1.0,164,0
2024-05-12,Frankfurt am Main,-1.0,104,0
2024-05-13,Hamburg,29.0,14,0
2024-05-13,Hamburg,-1.0,652,0
2024-05-13,Düsseldorf,-1.0,196,0
2024-05-13,Köln,51.0,4,0
2024-05-13,Köln,-1.0,366,0
2024-05-13,Köln,15.0,2,0
2024-05-13,München,41.0,2,0
2024-05-13,München,45.0,4,0
2024-05-13,München,-1.0,186,0
2024-05-13,Berlin,16.0,2,0
2024-05-13,Berlin,40.0,4,0
2024-05-13,Berlin,-1.0,1144,0
2024-05-13,Leipzig,3.0,4,0
2024-05-13,Leipzig,-1.0,532,0
2024-05-13,Dortmund,10.0,4,0
2024-05-13,Dortmund,-1.0,232,0
2024-05-13,Stuttgart,11.0,8,0
2024-05-13,Stuttgart,-1.0,172,0
2024-05-13,Gelsenkirchen,28.0,4,0
2024-05-13,Gelsenkirchen,-1.0,284,0
2024-05-13,Frankfurt am Main,4.0,0,0
2024-05-13,Frankfurt am Main,-1.0,190,0
2024-05-14,Hamburg,25.0,2,0
2024-05-14,Hamburg,29.0,8,0
2024-05-14,Hamburg,-1.0,618,0
2024-05-14,Düsseldorf,-1.0,212,0
2024-05-14,Köln,51.0,4,0
2024-05-14,Köln,-1.0,354,0
2024-05-14,Köln,15.0,2,0
2024-05-14,München,1.0,2,0
2024-05-14,München,45.0,2,0
2024-05-14,München,-1.0,130,0
2024-05-14,Berlin,16.0,2,0
2024-05-14,Berlin,2.0,6,0
2024-05-14,Berlin,40.0,6,0
2024-05-14,Berlin,-1.0,1142,0
2024-05-14,Leipzig,-1.0,474,0
2024-05-14,Dortmund,10.0,4,0
2024-05-14,Dortmund,-1.0,260,0
2024-05-14,Stuttgart,11.0,10,0
2024-05-14,Stuttgart,-1.0,166,0
2024-05-14,Gelsenkirchen,28.0,6,0
2024-05-14,Gelsenkirchen,-1.0,340,0
2024-05-14,Frankfurt am Main,4.0,4,0
2024-05-14,Frankfurt am Main,-1.0,156,0
2024-05-15,Hamburg,25.0,52,0
2024-05-15,Hamburg,29.0,22,0
2024-05-15,Hamburg,-1.0,630,0
2024-05-15,Düsseldorf,24.0,0,0
2024-05-15,Düsseldorf,-1.0,212,0
2024-05-15,Köln,51.0,4,0
2024-05-15,Köln,-1.0,292,0
2024-05-15,München,1.0,2,0
2024-05-15,München,-1.0,160,0
2024-05-15,Berlin,16.0,8,0
2024-05-15,Berlin,40.0,22,0
2024-05-15,Berlin,-1.0,1234,0
2024-05-15,Leipzig,3.0,228,0
2024-05-15,Leipzig,-1.0,530,0
2024-05-15,Dortmund,10.0,2,0
2024-05-15,Dortmund,-1.0,274,0
2024-05-15,Stuttgart,11.0,28,0
2024-05-15,Stuttgart,-1.0,200,0
2024-05-15,Gelsenkirchen,28.0,14,0
2024-05-15,Gelsenkirchen,-1.0,394,0
2024-05-15,Frankfurt am Main,64.0,2,0
2024-05-15,Frankfurt am Main,4.0,6,0
2024-05-15,Frankfurt am Main,-1.0,150,0
2024-05-16,Hamburg,25.0,6,0
2024-05-16,Hamburg,29.0,10,0
2024-05-16,Hamburg,-1.0,722,0
2024-05-16,Düsseldorf,-1.0,218,0
2024-05-16,Köln,51.0,18,0
2024-05-16,Köln,-1.0,456,0
2024-05-16,Köln,15.0,2,0
2024-05-16,München,1.0,6,0
2024-05-16,München,41.0,2,0
2024-05-16,München,45.0,10,0
2024-05-16,München,60.0,2,0
2024-05-16,München,-1.0,200,0
2024-05-16,Berlin,16.0,14,0
2024-05-16,Berlin,40.0,6,0
2024-05-16,Berlin,-1.0,1446,0
2024-05-16,Leipzig,3.0,32,0
2024-05-16,Leipzig,-1.0,644,0
2024-05-16,Dortmund,10.0,4,0
2024-05-16,Dortmund,-1.0,256,0
2024-05-16,Stuttgart,11.0,10,0
2024-05-16,Stuttgart,-1.0,182,0
2024-05-16,Gelsenkirchen,28.0,8,0
2024-05-16,Gelsenkirchen,-1.0,402,0
2024-05-16,Frankfurt am Main,64.0,4,0
2024-05-16,Frankfurt am Main,-1.0,194,0
2024-05-17,Hamburg,25.0,124,0
2024-05-17,Hamburg,29.0,22,0
2024-05-17,Hamburg,-1.0,954,0
2024-05-17,Düsseldorf,-1.0,234,0
2024-05-17,Köln,51.0,18,0
2024-05-17,Köln,-1.0,476,0
2024-05-17,Köln,15.0,4,0
2024-05-17,München,41.0,8,0
2024-05-17,München,60.0,2,0
2024-05-17,München,45.0,16,0
2024-05-17,München,-1.0,130,0
2024-05-17,Berlin,16.0,12,0
2024-05-17,Berlin,2.0,4,0
2024-05-17,Berlin,40.0,24,0
2024-05-17,Berlin,-1.0,1424,0
2024-05-17,Leipzig,3.0,10,0
2024-05-17,Leipzig,-1.0,826,0
2024-05-17,Dortmund,10.0,2,0
2024-05-17,Dortmund,-1.0,290,0
2024-05-17,Stuttgart,11.0,24,0
2024-05-17,Stuttgart,-1.0,182,0
2024-05-17,Gelsenkirchen,28.0,70,64
2024-05-17,Gelsenkirchen,-1.0,442,0
2024-05-17,Frankfurt am Main,64.0,2,0
2024-05-17,Frankfurt am Main,4.0,2,0
2024-05-17,Frankfurt am Main,-1.0,260,0
2024-05-18,Hamburg,25.0,184,0
2024-05-18,Hamburg,29.0,24,0
2024-05-18,Hamburg,-1.0,570,0
2024-05-18,Düsseldorf,-1.0,218,0
2024-05-18,Köln,51.0,6,0
2024-05-18,Köln,-1.0,400,0
2024-05-18,München,41.0,20,0
2024-05-18,München,45.0,4,0
2024-05-18,München,-1.0,120,0
2024-05-18,Berlin,16.0,30,16
2024-05-18,Berlin,40.0,12,0
2024-05-18,Berlin,-1.0,1050,0
2024-05-18,Leipzig,3.0,12,0
2024-05-18,Leipzig,-1.0,652,0
2024-05-18,Dortmund,10.0,42,54
2024-05-18,Dortmund,-1.0,286,0
2024-05-18,Dortmund,39.0,4,0
2024-05-18,Stuttgart,11.0,64,14
2024-05-18,Stuttgart,-1.0,202,0
2024-05-18,Gelsenkirchen,28.0,14,0
2024-05-18,Gelsenkirchen,-1.0,212,0
2024-05-18,Frankfurt am Main,64.0,4,0
2024-05-18,Frankfurt am Main,4.0,36,10
2024-05-18,Frankfurt am Main,-1.0,146,0
2024-05-19,Hamburg,25.0,78,28
2024-05-19,Hamburg,29.0,22,0
2024-05-19,Hamburg,-1.0,358,0
2024-05-19,Düsseldorf,24.0,16,14
2024-05-19,Düsseldorf,-1.0,186,0
2024-05-19,Köln,51.0,2,0
2024-05-19,Köln,-1.0,454,0
2024-05-19,München,41.0,4,0
2024-05-19,München,-1.0,94,0
2024-05-19,Berlin,16.0,8,0
2024-05-19,Berlin,2.0,4,0
2024-05-19,Berlin,40.0,30,2
2024-05-19,Berlin,-1.0,750,0
2024-05-19,Leipzig,3.0,2,0
2024-05-19,Leipzig,-1.0,588,0
2024-05-19,Dortmund,10.0,606,0
2024-05-19,Dortmund,-1.0,164,0
2024-05-19,Stuttgart,11.0,8,0
2024-05-19,Stuttgart,-1.0,108,0
2024-05-19,Gelsenkirchen,-1.0,158,0
2024-05-19,Frankfurt am Main,-1.0,104,0
2024-05-20,Hamburg,29.0,10,0
2024-05-20,Hamburg,-1.0,322,0
2024-05-20,Düsseldorf,-1.0,106,0
2024-05-20,Köln,51.0,6,0
2024-05-20,Köln,-1.0,230,0
2024-05-20,Köln,15.0,2,0
2024-05-20,München,41.0,4,0
2024-05-20,München,-1.0,72,0
2024-05-20,Berlin,16.0,6,0
2024-05-20,Berlin,2.0,2,0
2024-05-20,Berlin,40.0,4,0
2024-05-20,Berlin,-1.0,612,0
2024-05-20,Leipzig,3.0,4,0
2024-05-20,Leipzig,-1.0,378,0
2024-05-20,Dortmund,10.0,4,0
2024-05-20,Dortmund,-1.0,166,0
2024-05-20,Stuttgart,11.0,2,0
2024-05-20,Stuttgart,-1.0,78,0
2024-05-20,Gelsenkirchen,28.0,4,0
2024-05-20,Gelsenkirchen,-1.0,138,0
2024-05-20,Frankfurt am Main,64.0,8,0
2024-05-20,Frankfurt am Main,4.0,6,0
2024-05-20,Frankfurt am Main,-1.0,190,0
2024-05-21,Hamburg,25.0,2,0
2024-05-21,Hamburg,29.0,18,0
2024-05-21,Hamburg,-1.0,700,0
2024-05-21,Düsseldorf,-1.0,212,0
2024-05-21,Köln,51.0,18,0
2024-05-21,Köln,-1.0,446,0
2024-05-21,München,41.0,12,0
2024-05-21,München,-1.0,130,0
2024-05-21,Berlin,16.0,14,0
2024-05-21,Berlin,2.0,2,0
2024-05-21,Berlin,40.0,4,0
2024-05-21,Berlin,-1.0,1194,0
2024-05-21,Leipzig,3.0,10,0
2024-05-21,Leipzig,-1.0,598,0
2024-05-21,Dortmund,10.0,4,0
2024-05-21,Dortmund,-1.0,262,0
2024-05-21,Stuttgart,11.0,12,0
2024-05-21,Stuttgart,-1.0,206,0
2024-05-21,Gelsenkirchen,28.0,66,54
2024-05-21,Gelsenkirchen,-1.0,256,0
2024-05-21,Frankfurt am Main,64.0,4,0
2024-05-21,Frankfurt am Main,4.0,2,0
2024-05-21,Frankfurt am Main,-1.0,202,0
2024-05-22,Hamburg,25.0,6,0
2024-05-22,Hamburg,29.0,20,0
2024-05-22,Hamburg,-1.0,622,0
2024-05-22,Düsseldorf,24.0,2,0
2024-05-22,Düsseldorf,-1.0,240,0
2024-05-22,Köln,51.0,2,0
2024-05-22,Köln,-1.0,344,0
2024-05-22,München,41.0,16,0
2024-05-22,München,45.0,4,0
2024-05-22,München,-1.0,96,0
2024-05-22,Berlin,16.0,18,0
2024-05-22,Berlin,40.0,4,0
2024-05-22,Berlin,-1.0,1286,0
2024-05-22,Leipzig,3.0,6,0
2024-05-22,Leipzig,-1.0,554,0
2024-05-22,Dortmund,10.0,2,0
2024-05-22,Dortmund,-1.0,220,0
2024-05-22,Stuttgart,11.0,2,0
2024-05-22,Stuttgart,-1.0,184,0
2024-05-22,Gelsenkirchen,28.0,8,0
2024-05-22,Gelsenkirchen,-1.0,272,0
2024-05-22,Frankfurt am Main,4.0,6,0
2024-05-22,Frankfurt am Main,-1.0,196,0
2024-05-23,Hamburg,25.0,2,0
2024-05-23,Hamburg,29.0,14,0
2024-05-23,Hamburg,-1.0,666,0
2024-05-23,Düsseldorf,24.0,2,2
2024-05-23,Düsseldorf,-1.0,278,0
2024-05-23,Köln,51.0,2,0
2024-05-23,Köln,-1.0,338,0
2024-05-23,München,41.0,8,0
2024-05-23,München,45.0,2,0
2024-05-23,München,-1.0,92,0
2024-05-23,München,1.0,2,0
2024-05-23,Berlin,16.0,10,0
2024-05-23,Berlin,2.0,6,0
2024-05-23,Berlin,40.0,16,0
2024-05-23,Berlin,-1.0,1202,0
2024-05-23,Leipzig,3.0,2,0
2024-05-23,Leipzig,-1.0,646,0
2024-05-23,Dortmund,-1.0,326,0
2024-05-23,Stuttgart,-1.0,128,0
2024-05-23,Gelsenkirchen,28.0,8,0
2024-05-23,Gelsenkirchen,-1.0,358,0
2024-05-23,Frankfurt am Main,64.0,6,0
2024-05-23,Frankfurt am Main,4.0,4,0
2024-05-23,Frankfurt am Main,-1.0,182,0
2024-05-24,Hamburg,25.0,12,0
2024-05-24,Hamburg,29.0,18,0
2024-05-24,Hamburg,-1.0,658,0
2024-05-24,Düsseldorf,-1.0,234,0
2024-05-24,Köln,51.0,12,0
2024-05-24,Köln,-1.0,684,0
2024-05-24,Köln,15.0,2,0
2024-05-24,München,41.0,98,20
2024-05-24,München,45.0,2,0
2024-05-24,München,-1.0,134,0
2024-05-24,München,1.0,6,0
2024-05-24,Berlin,16.0,16,0
2024-05-24,Berlin,2.0,10,0
2024-05-24,Berlin,40.0,10,0
2024-05-24,Berlin,-1.0,1322,0
2024-05-24,Leipzig,3.0,4,0
2024-05-24,Leipzig,-1.0,570,0
2024-05-24,Dortmund,10.0,22,0
2024-05-24,Dortmund,-1.0,346,0
2024-05-24,Stuttgart,11.0,0,0
2024-05-24,Stuttgart,-1.0,106,0
2024-05-24,Gelsenkirchen,28.0,8,0
2024-05-24,Gelsenkirchen,-1.0,244,0
2024-05-24,Frankfurt am Main,64.0,4,0
2024-05-24,Frankfurt am Main,4.0,2,0
2024-05-24,Frankfurt am Main,-1.0,174,0
2024-05-25,Hamburg,25.0,28,0
2024-05-25,Hamburg,29.0,232,0
2024-05-25,Hamburg,-1.0,764,0
2024-05-25,Düsseldorf,24.0,2,0
2024-05-25,Düsseldorf,-1.0,238,0
2024-05-25,Köln,51.0,8,4
2024-05-25,Köln,-1.0,564,0
2024-05-25,München,41.0,2,0
2024-05-25,München,45.0,4,0
2024-05-25,München,-1.0,186,0
2024-05-25,Berlin,16.0,6,0
2024-05-25,Berlin,2.0,62,20
2024-05-25,Berlin,40.0,10,0
2024-05-25,Berlin,-1.0,932,0
2024-05-25,Leipzig,3.0,2,0
2024-05-25,Leipzig,-1.0,456,0
2024-05-25,Dortmund,10.0,44,0
2024-05-25,Dortmund,-1.0,256,0
2024-05-25,Stuttgart,11.0,2,0
2024-05-25,Stuttgart,-1.0,134,0
2024-05-25,Gelsenkirchen,28.0,8,0
2024-05-25,Gelsenkirchen,-1.0,214,0
2024-05-25,Frankfurt am Main,64.0,6,0
2024-05-25,Frankfurt am Main,-1.0,186,0
2024-05-26,Hamburg,25.0,30,0
2024-05-26,Hamburg,29.0,6,0
2024-05-26,Hamburg,-1.0,342,0
2024-05-26,Düsseldorf,-1.0,120,0
2024-05-26,Köln,-1.0,250,0
2024-05-26,Köln,15.0,2,0
2024-05-26,München,41.0,118,16
2024-05-26,München,45.0,4,0
2024-05-26,München,-1.0,98,0
2024-05-26,Berlin,16.0,4,0
2024-05-26,Berlin,40.0,6,0
2024-05-26,Berlin,-1.0,626,0
2024-05-26,Leipzig,3.0,2,0
2024-05-26,Leipzig,-1.0,298,0
2024-05-26,Dortmund,10.0,24,0
2024-05-26,Dortmund,-1.0,158,0
2024-05-26,Stuttgart,11.0,2,0
2024-05-26,Stuttgart,-1.0,114,0
2024-05-26,Gelsenkirchen,-1.0,122,0
2024-05-26,Frankfurt am Main,64.0,2,0
2024-05-26,Frankfurt am Main,-1.0,148,0
2024-05-27,Hamburg,29.0,4,0
2024-05-27,Hamburg,-1.0,606,0
2024-05-27,Düsseldorf,24.0,20,28
2024-05-27,Düsseldorf,-1.0,234,0
2024-05-27,Köln,51.0,10,0
2024-05-27,Köln,-1.0,248,0
2024-05-27,Köln,15.0,4,0
2024-05-27,München,41.0,4,0
2024-05-27,München,45.0,2,0
2024-05-27,München,-1.0,100,0
2024-05-27,München,1.0,2,0
2024-05-27,Berlin,16.0,6,0
2024-05-27,Berlin,40.0,4,0
2024-05-27,Berlin,-1.0,1254,0
2024-05-27,Leipzig,3.0,4,0
2024-05-27,Leipzig,-1.0,470,0
2024-05-27,Dortmund,10.0,8,0
2024-05-27,Dortmund,-1.0,248,0
2024-05-27,Stuttgart,-1.0,130,0
2024-05-27,Gelsenkirchen,28.0,16,0
2024-05-27,Gelsenkirchen,-1.0,232,0
2024-05-27,Frankfurt am Main,64.0,2,0
2024-05-27,Frankfurt am Main,-1.0,312,0
2024-05-28,Hamburg,25.0,4,0
2024-05-28,Hamburg,29.0,6,0
2024-05-28,Hamburg,-1.0,634,0
2024-05-28,Düsseldorf,-1.0,272,0
2024-05-28,Köln,51.0,6,0
2024-05-28,Köln,-1.0,310,0
2024-05-28,Köln,15.0,2,0
2024-05-28,München,41.0,4,0
2024-05-28,München,-1.0,86,0
2024-05-28,München,1.0,4,0
2024-05-28,Berlin,16.0,12,0
2024-05-28,Berlin,40.0,8,0
2024-05-28,Berlin,-1.0,1228,0
2024-05-28,Leipzig,-1.0,534,0
2024-05-28,Dortmund,-1.0,248,0
2024-05-28,Dortmund,39.0,2,0
2024-05-28,Stuttgart,11.0,6,0
2024-05-28,Stuttgart,-1.0,150,0
2024-05-28,Gelsenkirchen,28.0,4,0
2024-05-28,Gelsenkirchen,-1.0,312,0
2024-05-28,Frankfurt am Main,64.0,2,0
2024-05-28,Frankfurt am Main,-1.0,220,0
2024-05-29,Hamburg,25.0,102,0
2024-05-29,Hamburg,29.0,6,0
2024-05-29,Hamburg,-1.0,736,0
2024-05-29,Düsseldorf,24.0,8,0
2024-05-29,Düsseldorf,-1.0,282,0
2024-05-29,Köln,51.0,6,0
2024-05-29,Köln,-1.0,534,0
2024-05-29,München,41.0,2,0
2024-05-29,München,45.0,2,0
2024-05-29,München,-1.0,108,0
2024-05-29,Berlin,16.0,14,0
2024-05-29,Berlin,40.0,8,0
2024-05-29,Berlin,-1.0,1234,0
2024-05-29,Leipzig,3.0,2,0
2024-05-29,Leipzig,-1.0,378,0
2024-05-29,Dortmund,10.0,2,0
2024-05-29,Dortmund,-1.0,324,0
2024-05-29,Stuttgart,11.0,6,0
2024-05-29,Stuttgart,-1.0,164,0
2024-05-29,Gelsenkirchen,28.0,14,0
2024-05-29,Gelsenkirchen,-1.0,306,0
2024-05-29,Frankfurt am Main,4.0,2,0
2024-05-29,Frankfurt am Main,-1.0,212,0
2024-05-30,Hamburg,25.0,2,0
2024-05-30,Hamburg,29.0,22,0
2024-05-30,Hamburg,-1.0,812,0
2024-05-30,Düsseldorf,-1.0,126,0
2024-05-30,Köln,51.0,2,0
2024-05-30,Köln,-1.0,356,0
2024-05-30,München,41.0,4,0
2024-05-30,München,45.0,4,0
2024-05-30,München,-1.0,94,0
2024-05-30,München,1.0,2,0
2024-05-30,Berlin,16.0,8,0
2024-05-30,Berlin,40.0,10,0
2024-05-30,Berlin,-1.0,1486,0
2024-05-30,Leipzig,3.0,2,0
2024-05-30,Leipzig,-1.0,590,0
2024-05-30,Dortmund,10.0,10,0
2024-05-30,Dortmund,-1.0,142,0
2024-05-30,Stuttgart,-1.0,72,0
2024-05-30,Gelsenkirchen,28.0,8,0
2024-05-30,Gelsenkirchen,-1.0,168,0
2024-05-30,Frankfurt am Main,64.0,4,0
2024-05-30,Frankfurt am Main,-1.0,110,0
2024-05-31,Hamburg,25.0,2,0
2024-05-31,Hamburg,29.0,20,0
2024-05-31,Hamburg,-1.0,832,0
2024-05-31,Düsseldorf,24.0,2,0
2024-05-31,Düsseldorf,-1.0,266,0
2024-05-31,Köln,51.0,4,0
2024-05-31,Köln,-1.0,330,0
2024-05-31,Köln,15.0,4,0
2024-05-31,München,41.0,4,0
2024-05-31,München,45.0,6,0
2024-05-31,München,-1.0,120,0
2024-05-31,Berlin,16.0,14,0
2024-05-31,Berlin,2.0,4,0
2024-05-31,Berlin,40.0,14,0
2024-05-31,Berlin,-1.0,1432,0
2024-05-31,Leipzig,3.0,52,0
2024-05-31,Leipzig,-1.0,714,0
2024-05-31,Dortmund,10.0,4,0
2024-05-31,Dortmund,-1.0,260,0
2024-05-31,Stuttgart,11.0,136,0
2024-05-31,Stuttgart,-1.0,138,0
2024-05-31,Gelsenkirchen,28.0,4,0
2024-05-31,Gelsenkirchen,-1.0,372,0
2024-05-31,Frankfurt am Main,64.0,10,0
2024-05-31,Frankfurt am Main,4.0,2,0
2024-05-31,Frankfurt am Main,-1.0,212,0
2024-06-01,Hamburg,25.0,10,0
2024-06-01,Hamburg,29.0,28,0
2024-06-01,Hamburg,-1.0,620,0
2024-06-01,Düsseldorf,24.0,4,0
2024-06-01,Düsseldorf,-1.0,1036,0
2024-06-01,Köln,-1.0,310,0
2024-06-01,München,41.0,4,0
2024-06-01,München,-1.0,90,0
2024-06-01,Berlin,16.0,16,0
2024-06-01,Berlin,2.0,18,0
2024-06-01,Berlin,40.0,14,0
2024-06-01,Berlin,-1.0,1522,0
2024-06-01,Leipzig,-1.0,606,0
2024-06-01,Dortmund,10.0,34,0
2024-06-01,Dortmund,-1.0,422,0
2024-06-01,Stuttgart,11.0,44,0
2024-06-01,Stuttgart,-1.0,136,0
2024-06-01,Gelsenkirchen,28.0,6,0
2024-06-01,Gelsenkirchen,-1.0,204,0
2024-06-01,Frankfurt am Main,64.0,10,6
2024-06-01,Frankfurt am Main,4.0,4,0
2024-06-01,Frankfurt am Main,-1.0,168,0
2024-06-02,Hamburg,25.0,136,0
2024-06-02,Hamburg,29.0,12,0
2024-06-02,Hamburg,-1.0,566,0
2024-06-02,Düsseldorf,-1.0,190,0
2024-06-02,Köln,51.0,14,0
2024-06-02,Köln,-1.0,242,0
2024-06-02,München,41.0,2,0
2024-06-02,München,60.0,4,0
2024-06-02,München,45.0,6,0
2024-06-02,München,-1.0,74,0
2024-06-02,Berlin,16.0,6,0
2024-06-02,Berlin,2.0,2,0
2024-06-02,Berlin,40.0,4,0
2024-06-02,Berlin,-1.0,692,0
2024-06-02,Leipzig,3.0,26,0
2024-06-02,Leipzig,-1.0,440,0
2024-06-02,Dortmund,10.0,2,0
2024-06-02,Dortmund,-1.0,126,0
2024-06-02,Stuttgart,11.0,40,0
2024-06-02,Stuttgart,-1.0,104,0
2024-06-02,Gelsenkirchen,28.0,2,0
2024-06-02,Gelsenkirchen,-1.0,184,0
2024-06-02,Frankfurt am Main,64.0,2,0
2024-06-02,Frankfurt am Main,4.0,4,0
2024-06-02,Frankfurt am Main,-1.0,150,0
2024-06-03,Hamburg,25.0,38,0
2024-06-03,Hamburg,29.0,12,0
2024-06-03,Hamburg,-1.0,614,0
2024-06-03,Düsseldorf,24.0,4,0
2024-06-03,Düsseldorf,-1.0,218,0
2024-06-03,Köln,51.0,10,0
2024-06-03,Köln,-1.0,230,0
2024-06-03,München,-1.0,116,0
2024-06-03,Berlin,16.0,14,0
2024-06-03,Berlin,40.0,8,0
2024-06-03,Berlin,-1.0,1206,0
2024-06-03,Leipzig,3.0,2,0
2024-06-03,Leipzig,-1.0,506,0
2024-06-03,Dortmund,-1.0,230,0
2024-06-03,Stuttgart,11.0,4,0
2024-06-03,Stuttgart,-1.0,124,0
2024-06-03,Gelsenkirchen,28.0,2,0
2024-06-03,Gelsenkirchen,-1.0,368,0
2024-06-03,Frankfurt am Main,64.0,2,0
2024-06-03,Frankfurt am Main,-1.0,186,0
2024-06-04,Hamburg,25.0,6,0
2024-06-04,Hamburg,29.0,10,0
2024-06-04,Hamburg,-1.0,658,0
2024-06-04,Düsseldorf,24.0,6,0
2024-06-04,Düsseldorf,-1.0,252,0
2024-06-04,Köln,51.0,2,0
2024-06-04,Köln,-1.0,292,0
2024-06-04,München,41.0,6,0
2024-06-04,München,45.0,4,0
2024-06-04,München,-1.0,102,0
2024-06-04,Berlin,16.0,6,0
2024-06-04,Berlin,2.0,2,0
2024-06-04,Berlin,40.0,8,0
2024-06-04,Berlin,-1.0,1174,0
2024-06-04,Leipzig,3.0,148,0
2024-06-04,Leipzig,-1.0,534,0
2024-06-04,Dortmund,10.0,2,0
2024-06-04,Dortmund,-1.0,220,0
2024-06-04,Dortmund,39.0,2,0
2024-06-04,Stuttgart,11.0,10,0
2024-06-04,Stuttgart,-1.0,194,0
2024-06-04,Gelsenkirchen,28.0,6,0
2024-06-04,Gelsenkirchen,-1.0,274,0
2024-06-04,Frankfurt am Main,64.0,6,0
2024-06-04,Frankfurt am Main,4.0,2,0
2024-06-04,Frankfurt am Main,-1.0,168,0
2024-06-05,Hamburg,29.0,6,0
2024-06-05,Hamburg,-1.0,650,0
2024-06-05,Düsseldorf,-1.0,260,0
2024-06-05,Köln,51.0,8,0
2024-06-05,Köln,-1.0,310,0
2024-06-05,München,45.0,2,0
2024-06-05,München,-1.0,88,0
2024-06-05,Berlin,16.0,14,0
2024-06-05,Berlin,2.0,4,0
2024-06-05,Berlin,40.0,2,0
2024-06-05,Berlin,-1.0,1286,0
2024-06-05,Leipzig,3.0,2,0
2024-06-05,Leipzig,-1.0,530,0
2024-06-05,Dortmund,10.0,2,0
2024-06-05,Dortmund,-1.0,226,0
2024-06-05,Stuttgart,11.0,6,0
2024-06-05,Stuttgart,-1.0,194,0
2024-06-05,Gelsenkirchen,28.0,12,0
2024-06-05,Gelsenkirchen,-1.0,304,0
2024-06-05,Frankfurt am Main,64.0,6,0
2024-06-05,Frankfurt am Main,-1.0,176,0
2024-06-06,Hamburg,25.0,4,0
2024-06-06,Hamburg,29.0,10,0
2024-06-06,Hamburg,-1.0,612,0
2024-06-06,Düsseldorf,-1.0,234,0
2024-06-06,Köln,51.0,8,0
2024-06-06,Köln,-1.0,348,0
2024-06-06,Köln,15.0,2,0
2024-06-06,München,1.0,2,0
2024-06-06,München,41.0,4,0
2024-06-06,München,45.0,8,0
2024-06-06,München,60.0,2,0
2024-06-06,München,-1.0,144,0
2024-06-06,Berlin,16.0,10,0
2024-06-06,Berlin,40.0,6,0
2024-06-06,Berlin,-1.0,1458,0
2024-06-06,Leipzig,3.0,58,0
2024-06-06,Leipzig,-1.0,596,0
2024-06-06,Dortmund,10.0,8,0
2024-06-06,Dortmund,-1.0,272,0
2024-06-06,Stuttgart,11.0,6,0
2024-06-06,Stuttgart,-1.0,176,0
2024-06-06,Gelsenkirchen,28.0,8,0
2024-06-06,Gelsenkirchen,-1.0,282,0
2024-06-06,Frankfurt am Main,64.0,8,0
2024-06-06,Frankfurt am Main,-1.0,168,0
2024-06-07,Hamburg,29.0,18,0
2024-06-07,Hamburg,-1.0,698,0
2024-06-07,Düsseldorf,-1.0,228,0
2024-06-07,Köln,51.0,4,0
2024-06-07,Köln,-1.0,302,0
2024-06-07,Köln,15.0,6,0
2024-06-07,München,41.0,2,0
2024-06-07,München,-1.0,82,0
2024-06-07,München,1.0,2,0
2024-06-07,Berlin,16.0,12,0
2024-06-07,Berlin,2.0,2,0
2024-06-07,Berlin,40.0,10,0
2024-06-07,Berlin,-1.0,1324,0
2024-06-07,Leipzig,3.0,10,0
2024-06-07,Leipzig,-1.0,606,0
2024-06-07,Dortmund,10.0,12,0
2024-06-07,Dortmund,-1.0,242,0
2024-06-07,Stuttgart,11.0,8,0
2024-06-07,Stuttgart,-1.0,136,0
2024-06-07,Gelsenkirchen,28.0,12,0
2024-06-07,Gelsenkirchen,-1.0,278,0
2024-06-07,Frankfurt am Main,64.0,4,0
2024-06-07,Frankfurt am Main,4.0,2,0
2024-06-07,Frankfurt am Main,-1.0,202,0
2024-06-08,Hamburg,25.0,2,0
2024-06-08,Hamburg,29.0,40,0
2024-06-08,Hamburg,-1.0,654,0
2024-06-08,Düsseldorf,-1.0,364,0
2024-06-08,Köln,51.0,2,0
2024-06-08,Köln,-1.0,558,0
2024-06-08,München,41.0,18,0
2024-06-08,München,45.0,4,0
2024-06-08,München,-1.0,114,0
2024-06-08,Berlin,16.0,16,2
2024-06-08,Berlin,2.0,4,0
2024-06-08,Berlin,40.0,14,0
2024-06-08,Berlin,-1.0,1044,0
2024-06-08,Leipzig,3.0,2,0
2024-06-08,Leipzig,-1.0,450,0
2024-06-08,Dortmund,10.0,36,0
2024-06-08,Dortmund,-1.0,226,0
2024-06-08,Stuttgart,11.0,14,0
2024-06-08,Stuttgart,-1.0,154,0
2024-06-08,Gelsenkirchen,28.0,6,0
2024-06-08,Gelsenkirchen,-1.0,230,0
2024-06-08,Frankfurt am Main,64.0,2,0
2024-06-08,Frankfurt am Main,-1.0,154,0
2024-06-09,Hamburg,29.0,18,0
2024-06-09,Hamburg,-1.0,562,0
2024-06-09,Düsseldorf,-1.0,138,0
2024-06-09,Köln,51.0,2,0
2024-06-09,Köln,-1.0,350,0
2024-06-09,München,1.0,2,0
2024-06-09,München,41.0,44,32
2024-06-09,München,45.0,2,0
2024-06-09,München,60.0,4,0
2024-06-09,München,-1.0,100,0
2024-06-09,Berlin,16.0,6,2
2024-06-09,Berlin,2.0,8,0
2024-06-09,Berlin,40.0,4,0
2024-06-09,Berlin,-1.0,768,0
2024-06-09,Leipzig,3.0,4,0
2024-06-09,Leipzig,-1.0,314,0
2024-06-09,Dortmund,10.0,4,0
2024-06-09,Dortmund,-1.0,174,0
2024-06-09,Dortmund,39.0,2,0
2024-06-09,Stuttgart,-1.0,118,0
2024-06-09,Gelsenkirchen,28.0,4,0
2024-06-09,Gelsenkirchen,-1.0,142,0
2024-06-09,Frankfurt am Main,-1.0,128,0
2024-06-10,Hamburg,29.0,14,0
2024-06-10,Hamburg,-1.0,672,0
2024-06-10,Düsseldorf,24.0,2,0
2024-06-10,Düsseldorf,-1.0,208,0
2024-06-10,Köln,51.0,6,0
2024-06-10,Köln,-1.0,318,0
2024-06-10,Köln,15.0,2,0
2024-06-10,München,41.0,2,0
2024-06-10,München,-1.0,130,0
2024-06-10,München,1.0,2,0
2024-06-10,Berlin,16.0,18,0
2024-06-10,Berlin,2.0,4,0
2024-06-10,Berlin,40.0,6,0
2024-06-10,Berlin,-1.0,1438,0
2024-06-10,Leipzig,3.0,18,0
2024-06-10,Leipzig,-1.0,490,0
2024-06-10,Dortmund,-1.0,242,0
2024-06-10,Stuttgart,11.0,8,0
2024-06-10,Stuttgart,-1.0,136,0
2024-06-10,Gelsenkirchen,28.0,2,0
2024-06-10,Gelsenkirchen,-1.0,220,0
2024-06-10,Frankfurt am Main,64.0,6,0
2024-06-10,Frankfurt am Main,-1.0,164,0
2024-06-11,Hamburg,25.0,4,0
2024-06-11,Hamburg,29.0,10,0
2024-06-11,Hamburg,-1.0,806,0
2024-06-11,Düsseldorf,24.0,2,2
2024-06-11,Düsseldorf,-1.0,256,0
2024-06-11,Köln,51.0,10,0
2024-06-11,Köln,-1.0,234,0
2024-06-11,München,41.0,4,0
2024-06-11,München,45.0,4,0
2024-06-11,München,-1.0,118,0
2024-06-11,Berlin,16.0,14,0
2024-06-11,Berlin,2.0,2,0
2024-06-11,Berlin,40.0,4,0
2024-06-11,Berlin,-1.0,1356,0
2024-06-11,Leipzig,3.0,6,0
2024-06-11,Leipzig,-1.0,532,0
2024-06-11,Dortmund,10.0,2,0
2024-06-11,Dortmund,-1.0,248,0
2024-06-11,Stuttgart,11.0,10,0
2024-06-11,Stuttgart,-1.0,178,0
2024-06-11,Gelsenkirchen,28.0,2,0
2024-06-11,Gelsenkirchen,-1.0,216,0
2024-06-11,Frankfurt am Main,64.0,6,0
2024-06-11,Frankfurt am Main,4.0,6,0
2024-06-11,Frankfurt am Main,-1.0,204,0
2024-06-12,Hamburg,29.0,22,0
2024-06-12,Hamburg,-1.0,660,0
2024-06-12,Düsseldorf,-1.0,226,0
2024-06-12,Köln,51.0,14,0
2024-06-12,Köln,-1.0,396,0
2024-06-12,Köln,15.0,4,2
2024-06-12,München,1.0,2,0
2024-06-12,München,41.0,46,10
2024-06-12,München,45.0,4,0
2024-06-12,München,60.0,8,0
2024-06-12,München,-1.0,138,0
2024-06-12,Berlin,16.0,12,0
2024-06-12,Berlin,2.0,2,0
2024-06-12,Berlin,40.0,8,0
2024-06-12,Berlin,-1.0,1338,0
2024-06-12,Leipzig,3.0,8,0
2024-06-12,Leipzig,-1.0,564,0
2024-06-12,Dortmund,10.0,8,0
2024-06-12,Dortmund,-1.0,212,0
2024-06-12,Stuttgart,11.0,10,0
2024-06-12,Stuttgart,-1.0,164,0
2024-06-12,Gelsenkirchen,28.0,8,0
2024-06-12,Gelsenkirchen,-1.0,232,0
2024-06-12,Frankfurt am Main,64.0,4,0
2024-06-12,Frankfurt am Main,4.0,4,0
2024-06-12,Frankfurt am Main,-1.0,154,0
2024-06-13,Hamburg,25.0,4,0
2024-06-13,Hamburg,29.0,20,0
2024-06-13,Hamburg,-1.0,710,0
2024-06-13,Düsseldorf,-1.0,234,0
2024-06-13,Köln,51.0,10,0
2024-06-13,Köln,-1.0,264,0
2024-06-13,München,45.0,4,0
2024-06-13,München,-1.0,88,0
2024-06-13,Berlin,16.0,20,0
2024-06-13,Berlin,40.0,8,0
2024-06-13,Berlin,-1.0,1260,0
2024-06-13,Leipzig,3.0,12,0
2024-06-13,Leipzig,-1.0,526,0
2024-06-13,Dortmund,10.0,10,0
2024-06-13,Dortmund,-1.0,280,0
2024-06-13,Stuttgart,11.0,2,0
2024-06-13,Stuttgart,-1.0,186,0
2024-06-13,Gelsenkirchen,28.0,12,0
2024-06-13,Gelsenkirchen,-1.0,286,0
2024-06-13,Frankfurt am Main,64.0,2,0
2024-06-13,Frankfurt am Main,-1.0,238,0
2024-06-14,Hamburg,29.0,20,0
2024-06-14,Hamburg,-1.0,780,0
2024-06-14,Düsseldorf,24.0,2,0
2024-06-14,Düsseldorf,-1.0,270,0
2024-06-14,Köln,51.0,6,0
2024-06-14,Köln,-1.0,364,0
2024-06-14,München,41.0,8,0
2024-06-14,München,45.0,2,0
2024-06-14,München,-1.0,106,0
2024-06-14,München,1.0,14,10
2024-06-14,Berlin,16.0,16,0
2024-06-14,Berlin,2.0,20,0
2024-06-14,Berlin,40.0,8,0
2024-06-14,Berlin,-1.0,1344,0
2024-06-14,Leipzig,3.0,50,0
2024-06-14,Leipzig,-1.0,664,0
2024-06-14,Dortmund,10.0,6,0
2024-06-14,Dortmund,-1.0,298,0
2024-06-14,Stuttgart,11.0,6,0
2024-06-14,Stuttgart,-1.0,208,0
2024-06-14,Gelsenkirchen,28.0,6,0
2024-06-14,Gelsenkirchen,-1.0,248,0
2024-06-14,Frankfurt am Main,4.0,4,0
2024-06-14,Frankfurt am Main,-1.0,260,0
2024-06-15,Hamburg,29.0,12,0
2024-06-15,Hamburg,-1.0,586,0
2024-06-15,Düsseldorf,-1.0,206,0
2024-06-15,Köln,51.0,8,0
2024-06-15,Köln,-1.0,214,0
2024-06-15,Köln,15.0,2,0
2024-06-15,München,1.0,2,0
2024-06-15,München,45.0,2,0
2024-06-15,München,-1.0,104,0
2024-06-15,Berlin,16.0,12,0
2024-06-15,Berlin,2.0,24,10
2024-06-15,Berlin,40.0,8,0
2024-06-15,Berlin,-1.0,950,0
2024-06-15,Leipzig,-1.0,388,0
2024-06-15,Dortmund,10.0,14,10
2024-06-15,Dortmund,-1.0,268,0
2024-06-15,Dortmund,39.0,2,0
2024-06-15,Stuttgart,11.0,2,0
2024-06-15,Stuttgart,-1.0,134,0
2024-06-15,Gelsenkirchen,28.0,10,0
2024-06-15,Gelsenkirchen,-1.0,176,0
2024-06-15,Frankfurt am Main,64.0,4,0
2024-06-15,Frankfurt am Main,4.0,2,0
2024-06-15,Frankfurt am Main,-1.0,152,0
2024-06-16,Hamburg,25.0,14,8
2024-06-16,Hamburg,29.0,12,0
2024-06-16,Hamburg,-1.0,448,0
2024-06-16,Düsseldorf,-1.0,164,0
2024-06-16,Köln,-1.0,296,0
2024-06-16,Köln,15.0,2,0
2024-06-16,München,41.0,10,0
2024-06-16,München,45.0,2,0
2024-06-16,München,-1.0,70,0
2024-06-16,Berlin,16.0,4,0
2024-06-16,Berlin,40.0,2,0
2024-06-16,Berlin,-1.0,556,0
2024-06-16,Leipzig,3.0,2,0
2024-06-16,Leipzig,-1.0,266,0
2024-06-16,Dortmund,-1.0,176,0
2024-06-16,Stuttgart,11.0,12,8
2024-06-16,Stuttgart,-1.0,106,0
2024-06-16,Gelsenkirchen,28.0,0,0
2024-06-16,Gelsenkirchen,-1.0,178,0
2024-06-16,Frankfurt am Main,64.0,2,0
2024-06-16,Frankfurt am Main,-1.0,134,0
2024-06-17,Hamburg,25.0,2,0
2024-06-17,Hamburg,29.0,8,0
2024-06-17,Hamburg,-1.0,466,0
2024-06-17,Düsseldorf,24.0,8,2
2024-06-17,Düsseldorf,-1.0,196,0
2024-06-17,Köln,51.0,6,0
2024-06-17,Köln,-1.0,274,0
2024-06-17,Köln,15.0,2,0
2024-06-17,München,1.0,6,2
2024-06-17,München,-1.0,100,0
2024-06-17,Berlin,16.0,6,0
2024-06-17,Berlin,40.0,4,0
2024-06-17,Berlin,-1.0,1164,0
2024-06-17,Leipzig,3.0,8,0
2024-06-17,Leipzig,-1.0,442,0
2024-06-17,Dortmund,10.0,4,0
2024-06-17,Dortmund,-1.0,202,0
2024-06-17,Stuttgart,11.0,2,0
2024-06-17,Stuttgart,-1.0,160,0
2024-06-17,Gelsenkirchen,28.0,6,0
2024-06-17,Gelsenkirchen,-1.0,222,0
2024-06-17,Frankfurt am Main,64.0,2,0
2024-06-17,Frankfurt am Main,4.0,12,2
2024-06-17,Frankfurt am Main,-1.0,140,0
2024-06-18,Hamburg,25.0,2,0
2024-06-18,Hamburg,29.0,4,0
2024-06-18,Hamburg,-1.0,528,0
2024-06-18,Düsseldorf,-1.0,238,0
2024-06-18,Köln,51.0,12,0
2024-06-18,Köln,-1.0,268,0
2024-06-18,München,41.0,4,0
2024-06-18,München,45.0,4,0
2024-06-18,München,-1.0,102,0
2024-06-18,Berlin,16.0,4,0
2024-06-18,Berlin,40.0,4,0
2024-06-18,Berlin,-1.0,1210,0
2024-06-18,Leipzig,3.0,2,0
2024-06-18,Leipzig,-1.0,542,0
2024-06-18,Dortmund,10.0,26,20
2024-06-18,Dortmund,-1.0,290,0
2024-06-18,Dortmund,39.0,4,0
2024-06-18,Stuttgart,11.0,10,0
2024-06-18,Stuttgart,-1.0,174,0
2024-06-18,Gelsenkirchen,28.0,2,0
2024-06-18,Gelsenkirchen,-1.0,206,0
2024-06-18,Frankfurt am Main,64.0,4,0
2024-06-18,Frankfurt am Main,4.0,2,0
2024-06-18,Frankfurt am Main,-1.0,340,0
2024-06-19,Hamburg,25.0,6,0
2024-06-19,Hamburg,29.0,14,0
2024-06-19,Hamburg,-1.0,666,0
2024-06-19,Düsseldorf,-1.0,198,0
2024-06-19,Köln,51.0,6,0
2024-06-19,Köln,-1.0,242,0
2024-06-19,München,41.0,14,0
2024-06-19,München,45.0,6,0
2024-06-19,München,-1.0,102,0
2024-06-19,München,1.0,4,0
2024-06-19,Berlin,16.0,14,0
2024-06-19,Berlin,2.0,2,0
2024-06-19,Berlin,40.0,2,0
2024-06-19,Berlin,-1.0,1168,0
2024-06-19,Leipzig,3.0,10,0
2024-06-19,Leipzig,-1.0,470,0
2024-06-19,Dortmund,10.0,4,0
2024-06-19,Dortmund,-1.0,218,0
2024-06-19,Stuttgart,11.0,70,24
2024-06-19,Stuttgart,-1.0,190,0
2024-06-19,Gelsenkirchen,28.0,6,0
2024-06-19,Gelsenkirchen,-1.0,210,0
2024-06-19,Frankfurt am Main,64.0,4,0
2024-06-19,Frankfurt am Main,4.0,2,0
2024-06-19,Frankfurt am Main,-1.0,170,0
2024-06-20,Hamburg,25.0,60,0
2024-06-20,Hamburg,29.0,14,0
2024-06-20,Hamburg,-1.0,664,0
2024-06-20,Düsseldorf,-1.0,214,0
2024-06-20,Köln,51.0,4,0
2024-06-20,Köln,-1.0,290,0
2024-06-20,Köln,15.0,2,0
2024-06-20,München,41.0,6,0
2024-06-20,München,45.0,2,0
2024-06-20,München,-1.0,152,0
2024-06-20,München,1.0,6,2
2024-06-20,Berlin,16.0,18,0
2024-06-20,Berlin,40.0,2,0
2024-06-20,Berlin,-1.0,1170,0
2024-06-20,Leipzig,3.0,2,0
2024-06-20,Leipzig,-1.0,522,0
2024-06-20,Dortmund,10.0,4,0
2024-06-20,Dortmund,-1.0,240,0
2024-06-20,Stuttgart,11.0,8,0
2024-06-20,Stuttgart,-1.0,208,0
2024-06-20,Gelsenkirchen,28.0,16,0
2024-06-20,Gelsenkirchen,-1.0,210,0
2024-06-20,Frankfurt am Main,64.0,2,0
2024-06-20,Frankfurt am Main,4.0,6,4
2024-06-20,Frankfurt am Main,-1.0,220,0
2024-06-21,Hamburg,29.0,30,0
2024-06-21,Hamburg,-1.0,676,0
2024-06-21,Düsseldorf,24.0,6,6
2024-06-21,Düsseldorf,-1.0,204,0
2024-06-21,Köln,51.0,12,0
2024-06-21,Köln,-1.0,404,0
2024-06-21,München,1.0,6,0
2024-06-21,München,45.0,2,0
2024-06-21,München,-1.0,138,0
2024-06-21,Berlin,16.0,8,0
2024-06-21,Berlin,2.0,8,2
2024-06-21,Berlin,-1.0,1220,0
2024-06-21,Leipzig,3.0,24,2
2024-06-21,Leipzig,-1.0,586,0
2024-06-21,Dortmund,10.0,40,0
2024-06-21,Dortmund,-1.0,218,0
2024-06-21,Stuttgart,11.0,12,0
2024-06-21,Stuttgart,-1.0,178,0
2024-06-21,Gelsenkirchen,-1.0,314,0
2024-06-21,Frankfurt am Main,64.0,12,0
2024-06-21,Frankfurt am Main,4.0,2,0
2024-06-21,Frankfurt am Main,-1.0,178,0
2024-06-22,Hamburg,25.0,2,2
2024-06-22,Hamburg,29.0,34,0
2024-06-22,Hamburg,-1.0,618,0
2024-06-22,Düsseldorf,-1.0,226,0
2024-06-22,Köln,51.0,4,0
2024-06-22,Köln,-1.0,288,0
2024-06-22,Köln,15.0,4,4
2024-06-22,München,41.0,40,16
2024-06-22,München,45.0,2,0
2024-06-22,München,-1.0,166,0
2024-06-22,Berlin,16.0,20,0
2024-06-22,Berlin,40.0,8,0
2024-06-22,Berlin,-1.0,852,0
2024-06-22,Leipzig,-1.0,406,0
2024-06-22,Dortmund,10.0,18,22
2024-06-22,Dortmund,-1.0,300,0
2024-06-22,Dortmund,39.0,2,0
2024-06-22,Stuttgart,11.0,2,0
2024-06-22,Stuttgart,-1.0,180,0
2024-06-22,Gelsenkirchen,28.0,8,0
2024-06-22,Gelsenkirchen,-1.0,164,0
2024-06-22,Frankfurt am Main,64.0,2,0
2024-06-22,Frankfurt am Main,-1.0,196,0
2024-06-23,Hamburg,25.0,4,0
2024-06-23,Hamburg,29.0,24,0
2024-06-23,Hamburg,-1.0,432,0
2024-06-23,Düsseldorf,-1.0,148,0
2024-06-23,Köln,-1.0,222,0
2024-06-23,München,41.0,2,0
2024-06-23,München,60.0,2,0
2024-06-23,München,-1.0,72,0
2024-06-23,Berlin,16.0,6,0
2024-06-23,Berlin,40.0,26,0
2024-06-23,Berlin,-1.0,612,0
2024-06-23,Leipzig,-1.0,274,0
2024-06-23,Dortmund,10.0,2,0
2024-06-23,Dortmund,-1.0,190,0
2024-06-23,Stuttgart,11.0,6,2
2024-06-23,Stuttgart,-1.0,92,0
2024-06-23,Gelsenkirchen,-1.0,144,0
2024-06-23,Frankfurt am Main,4.0,34,16
2024-06-23,Frankfurt am Main,-1.0,174,0
2024-06-24,Hamburg,29.0,6,0
2024-06-24,Hamburg,-1.0,596,0
2024-06-24,Düsseldorf,24.0,6,4
2024-06-24,Düsseldorf,-1.0,276,0
2024-06-24,Köln,51.0,2,0
2024-06-24,Köln,-1.0,254,0
2024-06-24,München,41.0,6,0
2024-06-24,München,-1.0,114,0
2024-06-24,Berlin,16.0,4,0
2024-06-24,Berlin,40.0,6,0
2024-06-24,Berlin,-1.0,1112,0
2024-06-24,Leipzig,3.0,10,4
2024-06-24,Leipzig,-1.0,404,0
2024-06-24,Dortmund,10.0,4,0
2024-06-24,Dortmund,-1.0,258,0
2024-06-24,Stuttgart,11.0,10,0
2024-06-24,Stuttgart,-1.0,148,0
2024-06-24,Gelsenkirchen,-1.0,208,0
2024-06-24,Frankfurt am Main,64.0,2,0
2024-06-24,Frankfurt am Main,-1.0,196,0
2024-06-25,Hamburg,25.0,2,0
2024-06-25,Hamburg,29.0,10,0
2024-06-25,Hamburg,-1.0,594,0
2024-06-25,Düsseldorf,-1.0,184,0
2024-06-25,Köln,51.0,8,0
2024-06-25,Köln,-1.0,396,0
2024-06-25,Köln,15.0,4,2
2024-06-25,München,41.0,6,0
2024-06-25,München,45.0,4,0
2024-06-25,München,-1.0,116,0
2024-06-25,München,1.0,2,6
2024-06-25,Berlin,16.0,8,0
2024-06-25,Berlin,2.0,22,4
2024-06-25,Berlin,40.0,10,0
2024-06-25,Berlin,-1.0,1286,0
2024-06-25,Leipzig,3.0,4,0
2024-06-25,Leipzig,-1.0,370,0
2024-06-25,Dortmund,10.0,18,10
2024-06-25,Dortmund,-1.0,258,0
2024-06-25,Dortmund,39.0,2,0
2024-06-25,Stuttgart,11.0,2,0
2024-06-25,Stuttgart,-1.0,140,0
2024-06-25,Gelsenkirchen,28.0,4,0
2024-06-25,Gelsenkirchen,-1.0,178,0
2024-06-25,Frankfurt am Main,4.0,2,0
2024-06-25,Frankfurt am Main,-1.0,180,0
2024-06-26,Hamburg,25.0,4,0
2024-06-26,Hamburg,29.0,12,0
2024-06-26,Hamburg,-1.0,620,0
2024-06-26,Düsseldorf,-1.0,252,0
2024-06-26,Köln,51.0,6,0
2024-06-26,Köln,-1.0,240,0
2024-06-26,München,1.0,2,0
2024-06-26,München,41.0,8,0
2024-06-26,München,45.0,2,0
2024-06-26,München,60.0,2,0
2024-06-26,München,-1.0,162,0
2024-06-26,Berlin,16.0,16,0
2024-06-26,Berlin,40.0,4,0
2024-06-26,Berlin,-1.0,1248,0
2024-06-26,Leipzig,3.0,2,0
2024-06-26,Leipzig,-1.0,374,0
2024-06-26,Dortmund,-1.0,224,0
2024-06-26,Stuttgart,11.0,28,18
2024-06-26,Stuttgart,-1.0,204,0
2024-06-26,Gelsenkirchen,28.0,18,14
2024-06-26,Gelsenkirchen,-1.0,258,0
2024-06-26,Frankfurt am Main,64.0,10,0
2024-06-26,Frankfurt am Main,4.0,18,8
2024-06-26,Frankfurt am Main,-1.0,204,0
2024-06-27,Hamburg,25.0,2,0
2024-06-27,Hamburg,29.0,12,0
2024-06-27,Hamburg,-1.0,636,0
2024-06-27,Düsseldorf,-1.0,266,0
2024-06-27,Köln,51.0,2,0
2024-06-27,Köln,-1.0,296,0
2024-06-27,München,41.0,4,0
2024-06-27,München,45.0,4,0
2024-06-27,München,-1.0,132,0
2024-06-27,Berlin,16.0,12,0
2024-06-27,Berlin,40.0,2,0
2024-06-27,Berlin,-1.0,1344,0
2024-06-27,Leipzig,3.0,4,0
2024-06-27,Leipzig,-1.0,404,0
2024-06-27,Dortmund,-1.0,216,0
2024-06-27,Stuttgart,11.0,6,0
2024-06-27,Stuttgart,-1.0,194,0
2024-06-27,Gelsenkirchen,28.0,4,0
2024-06-27,Gelsenkirchen,-1.0,204,0
2024-06-27,Frankfurt am Main,64.0,4,0
2024-06-27,Frankfurt am Main,4.0,2,0
2024-06-27,Frankfurt am Main,-1.0,198,0
2024-06-28,Hamburg,25.0,6,0
2024-06-28,Hamburg,29.0,24,0
2024-06-28,Hamburg,-1.0,818,0
2024-06-28,Düsseldorf,24.0,174,0
2024-06-28,Düsseldorf,-1.0,470,0
2024-06-28,Köln,51.0,18,0
2024-06-28,Köln,-1.0,340,0
2024-06-28,Köln,15.0,4,0
2024-06-28,München,41.0,8,0
2024-06-28,München,45.0,2,0
2024-06-28,München,-1.0,146,0
2024-06-28,München,1.0,2,0
2024-06-28,Berlin,16.0,30,0
2024-06-28,Berlin,40.0,6,0
2024-06-28,Berlin,-1.0,1358,0
2024-06-28,Leipzig,3.0,2,0
2024-06-28,Leipzig,-1.0,416,0
2024-06-28,Dortmund,10.0,2,0
2024-06-28,Dortmund,-1.0,214,0
2024-06-28,Stuttgart,11.0,8,0
2024-06-28,Stuttgart,-1.0,232,0
2024-06-28,Gelsenkirchen,28.0,6,0
2024-06-28,Gelsenkirchen,-1.0,270,0
2024-06-28,Frankfurt am Main,64.0,6,0
2024-06-28,Frankfurt am Main,4.0,2,0
2024-06-28,Frankfurt am Main,-1.0,180,0
2024-06-29,Hamburg,25.0,2,0
2024-06-29,Hamburg,29.0,40,0
2024-06-29,Hamburg,-1.0,584,0
2024-06-29,Düsseldorf,24.0,352,0
2024-06-29,Düsseldorf,-1.0,716,0
2024-06-29,Köln,51.0,6,0
2024-06-29,Köln,-1.0,304,0
2024-06-29,München,41.0,20,2
2024-06-29,München,45.0,2,0
2024-06-29,München,-1.0,204,0
2024-06-29,München,1.0,6,0
2024-06-29,Berlin,16.0,12,0
2024-06-29,Berlin,2.0,34,12
2024-06-29,Berlin,40.0,4,0
2024-06-29,Berlin,-1.0,988,0
2024-06-29,Leipzig,-1.0,342,0
2024-06-29,Dortmund,10.0,58,50
2024-06-29,Dortmund,-1.0,376,0
2024-06-29,Stuttgart,-1.0,142,0
2024-06-29,Gelsenkirchen,28.0,6,0
2024-06-29,Gelsenkirchen,-1.0,172,0
2024-06-29,Frankfurt am Main,64.0,22,0
2024-06-29,Frankfurt am Main,-1.0,156,0
2024-06-30,Hamburg,25.0,6,0
2024-06-30,Hamburg,29.0,18,0
2024-06-30,Hamburg,-1.0,502,0
2024-06-30,Düsseldorf,24.0,284,0
2024-06-30,Düsseldorf,-1.0,448,0
2024-06-30,Köln,51.0,2,0
2024-06-30,Köln,-1.0,172,0
2024-06-30,Köln,15.0,6,10
2024-06-30,München,41.0,44,0
2024-06-30,München,45.0,4,0
2024-06-30,München,-1.0,86,0
2024-06-30,Berlin,16.0,2,0
2024-06-30,Berlin,40.0,4,0
2024-06-30,Berlin,-1.0,558,0
2024-06-30,Leipzig,-1.0,218,0
2024-06-30,Dortmund,10.0,4,0
2024-06-30,Dortmund,-1.0,132,0
2024-06-30,Stuttgart,11.0,4,0
2024-06-30,Stuttgart,-1.0,144,0
2024-06-30,Gelsenkirchen,28.0,18,16
2024-06-30,Gelsenkirchen,-1.0,142,0
2024-06-30,Frankfurt am Main,64.0,38,0
2024-06-30,Frankfurt am Main,-1.0,114,0
2024-07-01,Hamburg,25.0,66,0
2024-07-01,Hamburg,29.0,8,0
2024-07-01,Hamburg,-1.0,596,0
2024-07-01,Düsseldorf,24.0,8,36
2024-07-01,Düsseldorf,-1.0,288,0
2024-07-01,Köln,51.0,6,0
2024-07-01,Köln,-1.0,392,0
2024-07-01,München,41.0,4,0
2024-07-01,München,45.0,2,0
2024-07-01,München,-1.0,100,0
2024-07-01,München,1.0,2,0
2024-07-01,Berlin,16.0,20,0
2024-07-01,Berlin,-1.0,1302,0
2024-07-01,Leipzig,3.0,10,0
2024-07-01,Leipzig,-1.0,414,0
2024-07-01,Dortmund,10.0,2,0
2024-07-01,Dortmund,-1.0,196,0
2024-07-01,Stuttgart,11.0,4,0
2024-07-01,Stuttgart,-1.0,170,0
2024-07-01,Gelsenkirchen,28.0,6,0
2024-07-01,Gelsenkirchen,-1.0,252,0
2024-07-01,Frankfurt am Main,64.0,4,0
2024-07-01,Frankfurt am Main,4.0,4,6
2024-07-01,Frankfurt am Main,-1.0,176,0
2024-07-02,Hamburg,29.0,12,0
2024-07-02,Hamburg,-1.0,678,0
2024-07-02,Düsseldorf,-1.0,226,0
2024-07-02,Köln,-1.0,388,0
2024-07-02,München,41.0,30,0
2024-07-02,München,60.0,2,0
2024-07-02,München,-1.0,124,0
2024-07-02,München,1.0,16,2
2024-07-02,Berlin,16.0,16,0
2024-07-02,Berlin,2.0,2,0
2024-07-02,Berlin,40.0,56,0
2024-07-02,Berlin,-1.0,1176,0
2024-07-02,Leipzig,3.0,28,68
2024-07-02,Leipzig,-1.0,426,0
2024-07-02,Dortmund,10.0,4,0
2024-07-02,Dortmund,-1.0,268,0
2024-07-02,Stuttgart,11.0,6,0
2024-07-02,Stuttgart,-1.0,164,0
2024-07-02,Gelsenkirchen,28.0,2,0
2024-07-02,Gelsenkirchen,-1.0,242,0
2024-07-02,Frankfurt am Main,64.0,2,0
2024-07-02,Frankfurt am Main,4.0,4,0
2024-07-02,Frankfurt am Main,-1.0,192,0
2024-07-03,Hamburg,25.0,2,0
2024-07-03,Hamburg,29.0,24,0
2024-07-03,Hamburg,-1.0,738,0
2024-07-03,Düsseldorf,-1.0,214,0
2024-07-03,Köln,51.0,10,0
2024-07-03,Köln,-1.0,340,0
2024-07-03,München,41.0,4,0
2024-07-03,München,-1.0,120,0
2024-07-03,Berlin,16.0,12,0
2024-07-03,Berlin,40.0,2,0
2024-07-03,Berlin,-1.0,1170,0
2024-07-03,Leipzig,3.0,4,0
2024-07-03,Leipzig,-1.0,452,0
2024-07-03,Dortmund,-1.0,270,0
2024-07-03,Stuttgart,11.0,10,0
2024-07-03,Stuttgart,-1.0,190,0
2024-07-03,Gelsenkirchen,28.0,6,0
2024-07-03,Gelsenkirchen,-1.0,200,0
2024-07-03,Frankfurt am Main,64.0,6,0
2024-07-03,Frankfurt am Main,4.0,10,0
2024-07-03,Frankfurt am Main,-1.0,196,0
2024-07-04,Hamburg,29.0,18,0
2024-07-04,Hamburg,-1.0,840,0
2024-07-04,Düsseldorf,24.0,2,0
2024-07-04,Düsseldorf,-1.0,212,0
2024-07-04,Köln,51.0,6,0
2024-07-04,Köln,-1.0,334,0
2024-07-04,München,41.0,4,0
2024-07-04,München,-1.0,100,0
2024-07-04,München,1.0,4,0
2024-07-04,Berlin,16.0,18,0
2024-07-04,Berlin,2.0,8,0
2024-07-04,Berlin,40.0,8,0
2024-07-04,Berlin,-1.0,1544,0
2024-07-04,Leipzig,3.0,4,0
2024-07-04,Leipzig,-1.0,412,0
2024-07-04,Dortmund,10.0,2,0
2024-07-04,Dortmund,-1.0,282,0
2024-07-04,Stuttgart,11.0,8,0
2024-07-04,Stuttgart,-1.0,194,0
2024-07-04,Gelsenkirchen,28.0,6,0
2024-07-04,Gelsenkirchen,-1.0,286,0
2024-07-04,Frankfurt am Main,64.0,4,0
2024-07-04,Frankfurt am Main,4.0,6,0
2024-07-04,Frankfurt am Main,-1.0,248,0
2024-07-05,Hamburg,25.0,16,2
2024-07-05,Hamburg,29.0,24,0
2024-07-05,Hamburg,-1.0,822,0
2024-07-05,Düsseldorf,-1.0,288,0
2024-07-05,Köln,51.0,10,0
2024-07-05,Köln,-1.0,448,0
2024-07-05,München,41.0,12,0
2024-07-05,München,-1.0,108,0
2024-07-05,München,1.0,4,0
2024-07-05,Berlin,16.0,20,0
2024-07-05,Berlin,2.0,4,0
2024-07-05,Berlin,40.0,4,0
2024-07-05,Berlin,-1.0,1366,0
2024-07-05,Leipzig,3.0,2,0
2024-07-05,Leipzig,-1.0,534,0
2024-07-05,Dortmund,10.0,4,0
2024-07-05,Dortmund,-1.0,334,0
2024-07-05,Dortmund,39.0,2,0
2024-07-05,Stuttgart,11.0,38,12
2024-07-05,Stuttgart,-1.0,196,0
2024-07-05,Gelsenkirchen,28.0,6,0
2024-07-05,Gelsenkirchen,-1.0,212,0
2024-07-05,Frankfurt am Main,4.0,2,0
2024-07-05,Frankfurt am Main,-1.0,258,0
2024-07-06,Hamburg,29.0,20,0
2024-07-06,Hamburg,-1.0,598,0
2024-07-06,Düsseldorf,24.0,2,2
2024-07-06,Düsseldorf,-1.0,202,0
2024-07-06,Köln,51.0,2,0
2024-07-06,Köln,-1.0,402,0
2024-07-06,Köln,15.0,2,0
2024-07-06,München,41.0,2,0
2024-07-06,München,45.0,2,0
2024-07-06,München,-1.0,102,0
2024-07-06,München,1.0,2,0
2024-07-06,Berlin,16.0,6,0
2024-07-06,Berlin,2.0,26,12
2024-07-06,Berlin,-1.0,922,0
2024-07-06,Leipzig,3.0,4,0
2024-07-06,Leipzig,-1.0,356,0
2024-07-06,Dortmund,-1.0,292,0
2024-07-06,Stuttgart,11.0,6,0
2024-07-06,Stuttgart,-1.0,148,0
2024-07-06,Gelsenkirchen,28.0,12,0
2024-07-06,Gelsenkirchen,-1.0,194,0
2024-07-06,Frankfurt am Main,64.0,6,0
2024-07-06,Frankfurt am Main,4.0,2,0
2024-07-06,Frankfurt am Main,-1.0,180,0
2024-07-07,Hamburg,25.0,2,0
2024-07-07,Hamburg,29.0,24,0
2024-07-07,Hamburg,-1.0,518,0
2024-07-07,Düsseldorf,-1.0,126,0
2024-07-07,Köln,51.0,8,0
2024-07-07,Köln,-1.0,220,0
2024-07-07,München,1.0,2,0
2024-07-07,München,60.0,2,0
2024-07-07,München,-1.0,46,0
2024-07-07,Berlin,16.0,16,0
2024-07-07,Berlin,-1.0,600,0
2024-07-07,Leipzig,-1.0,222,0
2024-07-07,Dortmund,10.0,2,0
2024-07-07,Dortmund,-1.0,134,0
2024-07-07,Stuttgart,-1.0,86,0
2024-07-07,Gelsenkirchen,28.0,2,0
2024-07-07,Gelsenkirchen,-1.0,130,0
2024-07-07,Frankfurt am Main,64.0,2,0
2024-07-07,Frankfurt am Main,4.0,2,0
2024-07-07,Frankfurt am Main,-1.0,134,0
2024-07-08,Hamburg,29.0,2,0
2024-07-08,Hamburg,-1.0,698,0
2024-07-08,Düsseldorf,-1.0,198,0
2024-07-08,Köln,51.0,6,0
2024-07-08,Köln,-1.0,228,0
2024-07-08,München,41.0,10,0
2024-07-08,München,45.0,6,0
2024-07-08,München,-1.0,174,0
2024-07-08,München,1.0,2,0
2024-07-08,Berlin,16.0,14,0
2024-07-08,Berlin,40.0,2,0
2024-07-08,Berlin,-1.0,1274,0
2024-07-08,Leipzig,3.0,6,0
2024-07-08,Leipzig,-1.0,364,0
2024-07-08,Dortmund,-1.0,242,0
2024-07-08,Stuttgart,11.0,6,0
2024-07-08,Stuttgart,-1.0,124,0
2024-07-08,Gelsenkirchen,-1.0,184,0
2024-07-08,Frankfurt am Main,64.0,4,0
2024-07-08,Frankfurt am Main,4.0,2,0
2024-07-08,Frankfurt am Main,-1.0,190,0
2024-07-09,Hamburg,25.0,6,0
2024-07-09,Hamburg,29.0,24,0
2024-07-09,Hamburg,-1.0,712,0
2024-07-09,Düsseldorf,-1.0,220,0
2024-07-09,Köln,51.0,2,0
2024-07-09,Köln,-1.0,184,0
2024-07-09,München,1.0,4,0
2024-07-09,München,41.0,4,0
2024-07-09,München,45.0,10,2
2024-07-09,München,60.0,2,0
2024-07-09,München,-1.0,114,0
2024-07-09,Berlin,16.0,22,0
2024-07-09,Berlin,2.0,12,0
2024-07-09,Berlin,40.0,4,0
2024-07-09,Berlin,-1.0,1444,0
2024-07-09,Leipzig,3.0,2,0
2024-07-09,Leipzig,-1.0,424,0
2024-07-09,Dortmund,10.0,8,0
2024-07-09,Dortmund,-1.0,246,0
2024-07-09,Stuttgart,11.0,10,0
2024-07-09,Stuttgart,-1.0,186,0
2024-07-09,Gelsenkirchen,28.0,6,0
2024-07-09,Gelsenkirchen,-1.0,178,0
2024-07-09,Frankfurt am Main,64.0,2,0
2024-07-09,Frankfurt am Main,-1.0,196,0
2024-07-10,Hamburg,29.0,14,0
2024-07-10,Hamburg,-1.0,680,0
2024-07-10,Düsseldorf,-1.0,182,0
2024-07-10,Köln,-1.0,264,0
2024-07-10,München,41.0,6,0
2024-07-10,München,60.0,2,0
2024-07-10,München,45.0,4,0
2024-07-10,München,-1.0,166,0
2024-07-10,Berlin,16.0,6,0
2024-07-10,Berlin,40.0,2,0
2024-07-10,Berlin,-1.0,1216,0
2024-07-10,Leipzig,-1.0,380,0
2024-07-10,Dortmund,10.0,10,10
2024-07-10,Dortmund,-1.0,260,0
2024-07-10,Dortmund,39.0,2,0
2024-07-10,Stuttgart,11.0,2,0
2024-07-10,Stuttgart,-1.0,148,0
2024-07-10,Gelsenkirchen,28.0,8,0
2024-07-10,Gelsenkirchen,-1.0,224,0
2024-07-10,Frankfurt am Main,64.0,2,0
2024-07-10,Frankfurt am Main,4.0,2,0
2024-07-10,Frankfurt am Main,-1.0,174,0
2024-07-11,Hamburg,29.0,24,0
2024-07-11,Hamburg,-1.0,716,0
2024-07-11,Düsseldorf,24.0,2,0
2024-07-11,Düsseldorf,-1.0,204,0
2024-07-11,Köln,51.0,8,0
2024-07-11,Köln,-1.0,274,0
2024-07-11,Köln,15.0,4,0
2024-07-11,München,41.0,2,0
2024-07-11,München,45.0,2,0
2024-07-11,München,-1.0,126,0
2024-07-11,München,1.0,4,0
2024-07-11,Berlin,16.0,20,0
2024-07-11,Berlin,40.0,2,0
2024-07-11,Berlin,-1.0,1360,0
2024-07-11,Leipzig,3.0,2,0
2024-07-11,Leipzig,-1.0,536,0
2024-07-11,Dortmund,10.0,4,0
2024-07-11,Dortmund,-1.0,296,0
2024-07-11,Stuttgart,11.0,98,0
2024-07-11,Stuttgart,-1.0,192,0
2024-07-11,Gelsenkirchen,-1.0,218,0
2024-07-11,Frankfurt am Main,64.0,2,0
2024-07-11,Frankfurt am Main,4.0,72,60
2024-07-11,Frankfurt am Main,-1.0,256,0
2024-07-12,Hamburg,25.0,6,0
2024-07-12,Hamburg,29.0,12,0
2024-07-12,Hamburg,-1.0,1006,0
2024-07-12,Düsseldorf,-1.0,184,0
2024-07-12,Köln,51.0,12,0
2024-07-12,Köln,-1.0,346,0
2024-07-12,Köln,15.0,20,74
2024-07-12,München,41.0,4,0
2024-07-12,München,-1.0,114,0
2024-07-12,München,1.0,2,0
2024-07-12,Berlin,16.0,10,0
2024-07-12,Berlin,40.0,6,0
2024-07-12,Berlin,-1.0,1280,0
2024-07-12,Leipzig,-1.0,444,0
2024-07-12,Dortmund,10.0,2,0
2024-07-12,Dortmund,-1.0,336,0
2024-07-12,Stuttgart,11.0,6,0
2024-07-12,Stuttgart,-1.0,164,0
2024-07-12,Gelsenkirchen,-1.0,158,0
2024-07-12,Frankfurt am Main,64.0,4,0
2024-07-12,Frankfurt am Main,4.0,66,70
2024-07-12,Frankfurt am Main,-1.0,258,0
2024-07-13,Hamburg,25.0,14,0
2024-07-13,Hamburg,29.0,24,0
2024-07-13,Hamburg,-1.0,778,0
2024-07-13,Düsseldorf,-1.0,210,0
2024-07-13,Köln,-1.0,308,0
2024-07-13,Köln,15.0,14,78
2024-07-13,München,41.0,22,0
2024-07-13,München,45.0,6,0
2024-07-13,München,-1.0,136,0
2024-07-13,München,1.0,2,0
2024-07-13,Berlin,16.0,18,0
2024-07-13,Berlin,2.0,2,0
2024-07-13,Berlin,40.0,4,0
2024-07-13,Berlin,-1.0,1378,0
2024-07-13,Leipzig,-1.0,432,0
2024-07-13,Dortmund,10.0,88,0
2024-07-13,Dortmund,-1.0,408,0
2024-07-13,Stuttgart,11.0,2,0
2024-07-13,Stuttgart,-1.0,202,0
2024-07-13,Gelsenkirchen,28.0,6,0
2024-07-13,Gelsenkirchen,-1.0,184,0
2024-07-13,Frankfurt am Main,64.0,6,0
2024-07-13,Frankfurt am Main,4.0,48,62
2024-07-13,Frankfurt am Main,-1.0,256,0
2024-07-14,Hamburg,25.0,10,8
2024-07-14,Hamburg,29.0,14,0
2024-07-14,Hamburg,-1.0,566,0
2024-07-14,Düsseldorf,-1.0,174,0
2024-07-14,Köln,51.0,2,0
2024-07-14,Köln,-1.0,242,0
2024-07-14,Köln,15.0,2,0
2024-07-14,München,41.0,26,0
2024-07-14,München,45.0,2,0
2024-07-14,München,-1.0,78,0
2024-07-14,München,1.0,6,0
2024-07-14,Berlin,16.0,18,0
2024-07-14,Berlin,2.0,38,2
2024-07-14,Berlin,40.0,4,0
2024-07-14,Berlin,-1.0,790,0
2024-07-14,Leipzig,3.0,2,0
2024-07-14,Leipzig,-1.0,274,0
2024-07-14,Dortmund,-1.0,96,0
2024-07-14,Stuttgart,-1.0,78,0
2024-07-14,Gelsenkirchen,28.0,2,0
2024-07-14,Gelsenkirchen,-1.0,174,0
2024-07-14,Frankfurt am Main,64.0,2,0
2024-07-14,Frankfurt am Main,-1.0,120,0
2024-07-15,Hamburg,25.0,2,0
2024-07-15,Hamburg,29.0,14,0
2024-07-15,Hamburg,-1.0,756,0
2024-07-15,Düsseldorf,-1.0,216,0
2024-07-15,Köln,51.0,6,0
2024-07-15,Köln,-1.0,166,0
2024-07-15,München,41.0,4,0
2024-07-15,München,45.0,2,0
2024-07-15,München,-1.0,102,0
2024-07-15,München,1.0,2,0
2024-07-15,Berlin,16.0,26,0
2024-07-15,Berlin,40.0,2,0
2024-07-15,Berlin,-1.0,1162,0
2024-07-15,Leipzig,3.0,2,0
2024-07-15,Leipzig,-1.0,356,0
2024-07-15,Dortmund,-1.0,216,0
2024-07-15,Dortmund,39.0,2,0
2024-07-15,Stuttgart,11.0,270,0
2024-07-15,Stuttgart,-1.0,180,0
2024-07-15,Gelsenkirchen,28.0,4,0
2024-07-15,Gelsenkirchen,-1.0,182,0
2024-07-15,Frankfurt am Main,64.0,4,0
2024-07-15,Frankfurt am Main,-1.0,150,0
2024-07-16,Hamburg,25.0,8,0
2024-07-16,Hamburg,29.0,14,0
2024-07-16,Hamburg,-1.0,692,0
2024-07-16,Düsseldorf,-1.0,196,0
2024-07-16,Köln,51.0,8,0
2024-07-16,Köln,-1.0,216,0
2024-07-16,München,41.0,4,0
2024-07-16,München,60.0,2,0
2024-07-16,München,-1.0,156,0
2024-07-16,Berlin,16.0,10,0
2024-07-16,Berlin,40.0,6,0
2024-07-16,Berlin,-1.0,1194,0
2024-07-16,Leipzig,3.0,2,0
2024-07-16,Leipzig,-1.0,340,0
2024-07-16,Dortmund,10.0,4,0
2024-07-16,Dortmund,-1.0,230,0
2024-07-16,Stuttgart,11.0,174,0
2024-07-16,Stuttgart,-1.0,216,0
2024-07-16,Gelsenkirchen,28.0,6,0
2024-07-16,Gelsenkirchen,-1.0,180,0
2024-07-16,Frankfurt am Main,64.0,2,0
2024-07-16,Frankfurt am Main,4.0,4,0
2024-07-16,Frankfurt am Main,-1.0,196,0
2024-07-17,Hamburg,25.0,4,0
2024-07-17,Hamburg,29.0,4,0
2024-07-17,Hamburg,-1.0,732,0
2024-07-17,Düsseldorf,-1.0,218,0
2024-07-17,Köln,51.0,4,0
2024-07-17,Köln,-1.0,226,0
2024-07-17,München,41.0,4,0
2024-07-17,München,60.0,2,0
2024-07-17,München,-1.0,114,0
2024-07-17,Berlin,16.0,14,0
2024-07-17,Berlin,40.0,4,0
2024-07-17,Berlin,-1.0,1230,0
2024-07-17,Leipzig,3.0,34,22
2024-07-17,Leipzig,-1.0,594,0
2024-07-17,Dortmund,10.0,2,0
2024-07-17,Dortmund,-1.0,258,0
2024-07-17,Stuttgart,11.0,158,0
2024-07-17,Stuttgart,-1.0,704,0
2024-07-17,Gelsenkirchen,28.0,46,2
2024-07-17,Gelsenkirchen,-1.0,186,0
2024-07-17,Frankfurt am Main,64.0,4,0
2024-07-17,Frankfurt am Main,4.0,0,0
2024-07-17,Frankfurt am Main,-1.0,156,0
2024-07-18,Hamburg,25.0,2,0
2024-07-18,Hamburg,29.0,10,0
2024-07-18,Hamburg,-1.0,682,0
2024-07-18,Düsseldorf,-1.0,236,0
2024-07-18,Köln,51.0,2,0
2024-07-18,Köln,-1.0,202,0
2024-07-18,München,41.0,10,0
2024-07-18,München,45.0,2,0
2024-07-18,München,-1.0,156,0
2024-07-18,Berlin,16.0,16,0
2024-07-18,Berlin,2.0,2,0
2024-07-18,Berlin,40.0,8,0
2024-07-18,Berlin,-1.0,1436,0
2024-07-18,Leipzig,3.0,2,0
2024-07-18,Leipzig,-1.0,348,0
2024-07-18,Dortmund,-1.0,194,0
2024-07-18,Stuttgart,11.0,2,0
2024-07-18,Stuttgart,-1.0,160,0
2024-07-18,Gelsenkirchen,28.0,28,4
2024-07-18,Gelsenkirchen,-1.0,292,0
2024-07-18,Frankfurt am Main,4.0,30,50
2024-07-18,Frankfurt am Main,-1.0,194,0
2024-07-19,Hamburg,25.0,6,0
2024-07-19,Hamburg,29.0,8,0
2024-07-19,Hamburg,-1.0,632,0
2024-07-19,Düsseldorf,-1.0,354,0
2024-07-19,Köln,51.0,16,0
2024-07-19,Köln,-1.0,310,0
2024-07-19,München,41.0,16,0
2024-07-19,München,45.0,2,0
2024-07-19,München,-1.0,140,0
2024-07-19,München,1.0,4,0
2024-07-19,Berlin,16.0,8,0
2024-07-19,Berlin,-1.0,1284,0
2024-07-19,Leipzig,3.0,122,158
2024-07-19,Leipzig,-1.0,534,0
2024-07-19,Dortmund,10.0,98,0
2024-07-19,Dortmund,-1.0,248,0
2024-07-19,Stuttgart,11.0,58,14
2024-07-19,Stuttgart,-1.0,202,0
2024-07-19,Gelsenkirchen,28.0,36,8
2024-07-19,Gelsenkirchen,-1.0,178,0
2024-07-19,Frankfurt am Main,64.0,4,0
2024-07-19,Frankfurt am Main,4.0,2,0
2024-07-19,Frankfurt am Main,-1.0,166,0
2024-07-20,Hamburg,25.0,4,0
2024-07-20,Hamburg,29.0,24,0
2024-07-20,Hamburg,-1.0,654,0
2024-07-20,Düsseldorf,24.0,14,26
2024-07-20,Düsseldorf,-1.0,246,0
2024-07-20,Köln,51.0,10,0
2024-07-20,Köln,-1.0,434,0
2024-07-20,Köln,15.0,12,4
2024-07-20,München,41.0,2,0
2024-07-20,München,45.0,10,0
2024-07-20,München,-1.0,98,0
2024-07-20,Berlin,16.0,8,0
2024-07-20,Berlin,40.0,18,0
2024-07-20,Berlin,-1.0,976,0
2024-07-20,Leipzig,3.0,92,64
2024-07-20,Leipzig,-1.0,398,0
2024-07-20,Dortmund,10.0,120,0
2024-07-20,Dortmund,-1.0,130,0
2024-07-20,Stuttgart,11.0,42,0
2024-07-20,Stuttgart,-1.0,270,0
2024-07-20,Gelsenkirchen,28.0,12,0
2024-07-20,Gelsenkirchen,-1.0,194,0
2024-07-20,Frankfurt am Main,4.0,18,24
2024-07-20,Frankfurt am Main,-1.0,128,0
2024-07-21,Hamburg,25.0,4,0
2024-07-21,Hamburg,29.0,8,0
2024-07-21,Hamburg,-1.0,404,0
2024-07-21,Düsseldorf,24.0,2,6
2024-07-21,Düsseldorf,-1.0,170,0
2024-07-21,Köln,51.0,10,0
2024-07-21,Köln,-1.0,598,0
2024-07-21,München,41.0,10,0
2024-07-21,München,45.0,4,0
2024-07-21,München,-1.0,70,0
2024-07-21,München,1.0,6,0
2024-07-21,Berlin,16.0,10,0
2024-07-21,Berlin,2.0,2,0
2024-07-21,Berlin,40.0,6,0
2024-07-21,Berlin,-1.0,672,0
2024-07-21,Leipzig,-1.0,230,0
2024-07-21,Dortmund,10.0,58,0
2024-07-21,Dortmund,-1.0,110,0
2024-07-21,Stuttgart,11.0,12,0
2024-07-21,Stuttgart,-1.0,118,0
2024-07-21,Gelsenkirchen,28.0,76,0
2024-07-21,Gelsenkirchen,-1.0,162,0
2024-07-21,Frankfurt am Main,-1.0,118,0
2024-07-22,Hamburg,25.0,4,0
2024-07-22,Hamburg,29.0,8,0
2024-07-22,Hamburg,-1.0,618,0
2024-07-22,Düsseldorf,-1.0,224,0
2024-07-22,Köln,51.0,2,0
2024-07-22,Köln,-1.0,218,0
2024-07-22,München,1.0,4,0
2024-07-22,München,45.0,6,0
2024-07-22,München,-1.0,128,0
2024-07-22,Berlin,16.0,2,0
2024-07-22,Berlin,40.0,4,0
2024-07-22,Berlin,-1.0,918,0
2024-07-22,Leipzig,3.0,6,0
2024-07-22,Leipzig,-1.0,398,0
2024-07-22,Dortmund,10.0,8,0
2024-07-22,Dortmund,-1.0,200,0
2024-07-22,Stuttgart,11.0,4,0
2024-07-22,Stuttgart,-1.0,178,0
2024-07-22,Gelsenkirchen,28.0,6,0
2024-07-22,Gelsenkirchen,-1.0,200,0
2024-07-22,Frankfurt am Main,64.0,2,0
2024-07-22,Frankfurt am Main,4.0,2,0
2024-07-22,Frankfurt am Main,-1.0,178,0
2024-07-23,Hamburg,25.0,32,10
2024-07-23,Hamburg,29.0,22,0
2024-07-23,Hamburg,-1.0,604,0
2024-07-23,Düsseldorf,24.0,14,8
2024-07-23,Düsseldorf,-1.0,190,0
2024-07-23,Köln,51.0,4,0
2024-07-23,Köln,-1.0,220,0
2024-07-23,Köln,15.0,4,0
2024-07-23,München,1.0,2,0
2024-07-23,München,41.0,2,0
2024-07-23,München,45.0,2,0
2024-07-23,München,60.0,2,0
2024-07-23,München,-1.0,124,0
2024-07-23,Berlin,16.0,12,0
2024-07-23,Berlin,-1.0,1034,0
2024-07-23,Leipzig,3.0,6,0
2024-07-23,Leipzig,-1.0,414,0
2024-07-23,Dortmund,-1.0,194,0
2024-07-23,Stuttgart,11.0,10,0
2024-07-23,Stuttgart,-1.0,180,0
2024-07-23,Gelsenkirchen,28.0,2,0
2024-07-23,Gelsenkirchen,-1.0,200,0
2024-07-23,Frankfurt am Main,-1.0,138,0
2024-07-24,Hamburg,25.0,24,16
2024-07-24,Hamburg,29.0,22,0
2024-07-24,Hamburg,-1.0,634,0
2024-07-24,Düsseldorf,-1.0,214,0
2024-07-24,Köln,51.0,8,0
2024-07-24,Köln,-1.0,188,0
2024-07-24,München,41.0,6,0
2024-07-24,München,-1.0,100,0
2024-07-24,München,1.0,2,0
2024-07-24,Berlin,16.0,16,0
2024-07-24,Berlin,2.0,4,0
2024-07-24,Berlin,40.0,6,0
2024-07-24,Berlin,-1.0,1034,0
2024-07-24,Leipzig,3.0,4,0
2024-07-24,Leipzig,-1.0,416,0
2024-07-24,Dortmund,10.0,2,0
2024-07-24,Dortmund,-1.0,186,0
2024-07-24,Stuttgart,11.0,14,0
2024-07-24,Stuttgart,-1.0,186,0
2024-07-24,Gelsenkirchen,28.0,6,0
2024-07-24,Gelsenkirchen,-1.0,174,0
2024-07-24,Frankfurt am Main,64.0,2,0
2024-07-24,Frankfurt am Main,4.0,2,0
2024-07-24,Frankfurt am Main,-1.0,164,0
2024-07-25,Hamburg,25.0,2,0
2024-07-25,Hamburg,29.0,24,0
2024-07-25,Hamburg,-1.0,634,0
2024-07-25,Düsseldorf,-1.0,222,0
2024-07-25,Köln,51.0,4,0
2024-07-25,Köln,-1.0,284,0
2024-07-25,München,41.0,2,0
2024-07-25,München,60.0,2,0
2024-07-25,München,-1.0,122,0
2024-07-25,München,1.0,4,0
2024-07-25,Berlin,16.0,4,0
2024-07-25,Berlin,2.0,2,0
2024-07-25,Berlin,40.0,4,0
2024-07-25,Berlin,-1.0,1152,0
2024-07-25,Leipzig,3.0,8,0
2024-07-25,Leipzig,-1.0,420,0
2024-07-25,Dortmund,10.0,6,0
2024-07-25,Dortmund,-1.0,214,0
2024-07-25,Dortmund,39.0,4,0
2024-07-25,Stuttgart,11.0,6,0
2024-07-25,Stuttgart,-1.0,214,0
2024-07-25,Gelsenkirchen,28.0,2,0
2024-07-25,Gelsenkirchen,-1.0,284,0
2024-07-25,Frankfurt am Main,64.0,2,0
2024-07-25,Frankfurt am Main,-1.0,166,0
2024-07-26,Hamburg,25.0,2,0
2024-07-26,Hamburg,29.0,36,0
2024-07-26,Hamburg,-1.0,706,0
2024-07-26,Düsseldorf,-1.0,156,0
2024-07-26,Köln,51.0,4,0
2024-07-26,Köln,-1.0,252,0
2024-07-26,München,41.0,2,0
2024-07-26,München,45.0,2,0
2024-07-26,München,-1.0,126,0
2024-07-26,München,1.0,6,0
2024-07-26,Berlin,16.0,8,0
2024-07-26,Berlin,2.0,2,0
2024-07-26,Berlin,40.0,6,0
2024-07-26,Berlin,-1.0,1018,0
2024-07-26,Leipzig,3.0,2,0
2024-07-26,Leipzig,-1.0,406,0
2024-07-26,Dortmund,10.0,28,0
2024-07-26,Dortmund,-1.0,202,0
2024-07-26,Dortmund,39.0,6,0
2024-07-26,Stuttgart,11.0,6,0
2024-07-26,Stuttgart,-1.0,154,0
2024-07-26,Gelsenkirchen,28.0,120,90
2024-07-26,Gelsenkirchen,-1.0,162,0
2024-07-26,Frankfurt am Main,4.0,6,4
2024-07-26,Frankfurt am Main,-1.0,186,0
2024-07-27,Hamburg,25.0,0,0
2024-07-27,Hamburg,29.0,94,0
2024-07-27,Hamburg,-1.0,662,0
2024-07-27,Düsseldorf,-1.0,136,0
2024-07-27,Köln,51.0,12,0
2024-07-27,Köln,-1.0,312,0
2024-07-27,München,41.0,34,6
2024-07-27,München,-1.0,90,0
2024-07-27,Berlin,16.0,24,10
2024-07-27,Berlin,40.0,4,0
2024-07-27,Berlin,-1.0,848,0
2024-07-27,Leipzig,3.0,4,0
2024-07-27,Leipzig,-1.0,426,0
2024-07-27,Dortmund,10.0,30,0
2024-07-27,Dortmund,-1.0,218,0
2024-07-27,Dortmund,39.0,2,0
2024-07-27,Stuttgart,11.0,2,0
2024-07-27,Stuttgart,-1.0,224,0
2024-07-27,Gelsenkirchen,28.0,140,90
2024-07-27,Gelsenkirchen,-1.0,198,0
2024-07-27,Frankfurt am Main,64.0,2,0
2024-07-27,Frankfurt am Main,4.0,8,2
2024-07-27,Frankfurt am Main,-1.0,164,0
2024-07-28,Hamburg,25.0,8,0
2024-07-28,Hamburg,29.0,42,0
2024-07-28,Hamburg,-1.0,506,0
2024-07-28,Düsseldorf,-1.0,126,0
2024-07-28,Köln,51.0,16,0
2024-07-28,Köln,-1.0,292,0
2024-07-28,München,41.0,20,6
2024-07-28,München,45.0,2,0
2024-07-28,München,-1.0,74,0
2024-07-28,Berlin,16.0,8,0
2024-07-28,Berlin,40.0,4,0
2024-07-28,Berlin,-1.0,496,0
2024-07-28,Leipzig,3.0,4,0
2024-07-28,Leipzig,-1.0,264,0
2024-07-28,Dortmund,10.0,16,0
2024-07-28,Dortmund,-1.0,126,0
2024-07-28,Dortmund,39.0,2,0
2024-07-28,Stuttgart,11.0,10,0
2024-07-28,Stuttgart,-1.0,132,0
2024-07-28,Gelsenkirchen,28.0,2,0
2024-07-28,Gelsenkirchen,-1.0,156,0
2024-07-28,Frankfurt am Main,64.0,4,0
2024-07-28,Frankfurt am Main,4.0,2,0
2024-07-28,Frankfurt am Main,-1.0,100,0
2024-07-29,Hamburg,25.0,2,0
2024-07-29,Hamburg,29.0,20,0
2024-07-29,Hamburg,-1.0,572,0
2024-07-29,Düsseldorf,-1.0,144,0
2024-07-29,Köln,51.0,2,0
2024-07-29,Köln,-1.0,180,0
2024-07-29,München,41.0,2,0
2024-07-29,München,60.0,2,0
2024-07-29,München,45.0,2,0
2024-07-29,München,-1.0,80,0
2024-07-29,Berlin,16.0,8,0
2024-07-29,Berlin,2.0,2,0
2024-07-29,Berlin,40.0,4,0
2024-07-29,Berlin,-1.0,950,0
2024-07-29,Leipzig,3.0,4,0
2024-07-29,Leipzig,-1.0,426,0
2024-07-29,Dortmund,10.0,2,0
2024-07-29,Dortmund,-1.0,224,0
2024-07-29,Stuttgart,11.0,8,0
2024-07-29,Stuttgart,-1.0,140,0
2024-07-29,Gelsenkirchen,28.0,142,136
2024-07-29,Gelsenkirchen,-1.0,228,0
2024-07-29,Frankfurt am Main,64.0,6,0
2024-07-29,Frankfurt am Main,-1.0,128,0
2024-07-30,Hamburg,29.0,8,0
2024-07-30,Hamburg,-1.0,630,0
2024-07-30,Düsseldorf,24.0,2,0
2024-07-30,Düsseldorf,-1.0,130,0
2024-07-30,Köln,-1.0,184,0
2024-07-30,München,1.0,0,0
2024-07-30,München,60.0,2,0
2024-07-30,München,45.0,2,0
2024-07-30,München,-1.0,90,0
2024-07-30,Berlin,16.0,2,0
2024-07-30,Berlin,40.0,4,0
2024-07-30,Berlin,-1.0,912,0
2024-07-30,Leipzig,3.0,4,0
2024-07-30,Leipzig,-1.0,418,0
2024-07-30,Dortmund,10.0,2,0
2024-07-30,Dortmund,-1.0,188,0
2024-07-30,Stuttgart,11.0,4,0
2024-07-30,Stuttgart,-1.0,148,0
2024-07-30,Gelsenkirchen,28.0,76,78
2024-07-30,Gelsenkirchen,-1.0,210,0
2024-07-30,Frankfurt am Main,4.0,4,0
2024-07-30,Frankfurt am Main,-1.0,174,0
2024-07-31,Hamburg,29.0,36,0
2024-07-31,Hamburg,-1.0,624,0
2024-07-31,Düsseldorf,-1.0,148,0
2024-07-31,Köln,51.0,4,0
2024-07-31,Köln,-1.0,252,0
2024-07-31,München,41.0,4,0
2024-07-31,München,-1.0,128,0
2024-07-31,München,1.0,2,0
2024-07-31,Berlin,16.0,6,0
2024-07-31,Berlin,2.0,4,0
2024-07-31,Berlin,40.0,2,0
2024-07-31,Berlin,-1.0,884,0
2024-07-31,Leipzig,3.0,2,0
2024-07-31,Leipzig,-1.0,410,0
2024-07-31,Dortmund,10.0,2,0
2024-07-31,Dortmund,-1.0,238,0
2024-07-31,Stuttgart,11.0,18,0
2024-07-31,Stuttgart,-1.0,152,0
2024-07-31,Gelsenkirchen,28.0,106,174
2024-07-31,Gelsenkirchen,-1.0,210,0
2024-07-31,Frankfurt am Main,-1.0,166,0
2024-08-01,Hamburg,25.0,2,0
2024-08-01,Hamburg,29.0,18,0
2024-08-01,Hamburg,-1.0,690,0
2024-08-01,Düsseldorf,-1.0,204,0
2024-08-01,Köln,51.0,6,0
2024-08-01,Köln,-1.0,266,0
2024-08-01,München,41.0,2,0
2024-08-01,München,60.0,2,0
2024-08-01,München,45.0,2,0
2024-08-01,München,-1.0,94,0
2024-08-01,Berlin,16.0,4,0
2024-08-01,Berlin,-1.0,872,0
2024-08-01,Leipzig,3.0,2,0
2024-08-01,Leipzig,-1.0,462,0
2024-08-01,Dortmund,10.0,6,0
2024-08-01,Dortmund,-1.0,198,0
2024-08-01,Stuttgart,11.0,10,0
2024-08-01,Stuttgart,-1.0,126,0
2024-08-01,Gelsenkirchen,28.0,6,0
2024-08-01,Gelsenkirchen,-1.0,218,0
2024-08-01,Frankfurt am Main,64.0,2,0
2024-08-01,Frankfurt am Main,4.0,2,0
2024-08-01,Frankfurt am Main,-1.0,172,0
2024-08-02,Hamburg,29.0,28,0
2024-08-02,Hamburg,-1.0,550,0
2024-08-02,Düsseldorf,-1.0,170,0
2024-08-02,Köln,51.0,14,0
2024-08-02,Köln,-1.0,330,0
2024-08-02,Köln,15.0,14,18
2024-08-02,München,1.0,4,0
2024-08-02,München,45.0,10,0
2024-08-02,München,-1.0,150,0
2024-08-02,Berlin,16.0,20,0
2024-08-02,Berlin,2.0,2,0
2024-08-02,Berlin,40.0,2,0
2024-08-02,Berlin,-1.0,1444,0
2024-08-02,Leipzig,3.0,242,0
2024-08-02,Leipzig,-1.0,650,0
2024-08-02,Dortmund,10.0,18,0
2024-08-02,Dortmund,-1.0,230,0
2024-08-02,Stuttgart,11.0,6,0
2024-08-02,Stuttgart,-1.0,132,0
2024-08-02,Gelsenkirchen,28.0,2,0
2024-08-02,Gelsenkirchen,-1.0,182,0
2024-08-02,Frankfurt am Main,64.0,8,0
2024-08-02,Frankfurt am Main,4.0,2,0
2024-08-02,Frankfurt am Main,-1.0,154,0
2024-08-03,Hamburg,29.0,68,0
2024-08-03,Hamburg,-1.0,848,0
2024-08-03,Düsseldorf,-1.0,172,0
2024-08-03,Köln,51.0,4,0
2024-08-03,Köln,-1.0,264,0
2024-08-03,München,41.0,24,0
2024-08-03,München,45.0,2,0
2024-08-03,München,-1.0,166,0
2024-08-03,München,1.0,4,0
2024-08-03,Berlin,16.0,30,4
2024-08-03,Berlin,2.0,22,8
2024-08-03,Berlin,40.0,8,0
2024-08-03,Berlin,-1.0,1126,0
2024-08-03,Leipzig,3.0,2,0
2024-08-03,Leipzig,-1.0,642,0
2024-08-03,Dortmund,10.0,18,0
2024-08-03,Dortmund,-1.0,264,0
2024-08-03,Stuttgart,11.0,306,0
2024-08-03,Stuttgart,-1.0,140,0
2024-08-03,Gelsenkirchen,28.0,132,34
2024-08-03,Gelsenkirchen,-1.0,238,0
2024-08-03,Frankfurt am Main,64.0,4,0
2024-08-03,Frankfurt am Main,-1.0,150,0
2024-08-04,Hamburg,25.0,2,0
2024-08-04,Hamburg,29.0,74,0
2024-08-04,Hamburg,-1.0,568,0
2024-08-04,Düsseldorf,-1.0,116,0
2024-08-04,Köln,51.0,6,0
2024-08-04,Köln,-1.0,192,0
2024-08-04,Köln,15.0,2,0
2024-08-04,München,41.0,2,0
2024-08-04,München,45.0,2,0
2024-08-04,München,-1.0,54,0
2024-08-04,Berlin,16.0,14,0
2024-08-04,Berlin,2.0,2,0
2024-08-04,Berlin,40.0,2,0
2024-08-04,Berlin,-1.0,812,0
2024-08-04,Leipzig,-1.0,322,0
2024-08-04,Dortmund,10.0,12,0
2024-08-04,Dortmund,-1.0,112,0
2024-08-04,Stuttgart,-1.0,80,0
2024-08-04,Gelsenkirchen,28.0,2,0
2024-08-04,Gelsenkirchen,-1.0,110,0
2024-08-04,Frankfurt am Main,64.0,2,0
2024-08-04,Frankfurt am Main,4.0,2,0
2024-08-04,Frankfurt am Main,-1.0,130,0
